time,vehicle_id,x,y
29,8,402.98,4.8
31,8,380.5,4.8
37,8,311.05,4.8
38,8,299.4,4.8
43,18,492.77,4.8
44,18,488.9,4.8
49,18,437.55,4.8
56,18,333.22,4.8
58,8,65.95,4.8
63,8,13.53,4.8
66,8,11.4,4.8
71,8,11.4,4.8
72,18,93.48,4.8
75,32,494.9,4.8
78,8,11.4,4.8
78,32,483.6,4.8
78,18,15.74,1.6
81,8,11.4,4.8
83,18,11.4,1.6
86,32,400.2,4.8
88,8,11.4,4.8
88,32,377.78,4.8
94,32,309.32,4.8
95,18,11.4,1.6
96,32,285.53,4.8
96,8,11.4,4.8
97,18,11.4,1.6
100,18,11.4,1.6
100,8,11.4,4.8
105,18,9.57,1.6
106,32,173.18,1.6
106,8,5.85,4.8
108,8,-8.5,4.8
110,18,-31.66,1.6
113,18,-75.93,1.6
114,32,82.46,1.6
118,18,-151.64,1.6
120,18,-181.13,1.6
120,8,-145.79,4.8
122,32,-10.91,1.6
122,18,-211.46,1.6
123,8,-181.54,4.8
124,32,-33.72,1.6
125,54,494.9,4.8
125,8,-205.58,4.8
130,18,-332.22,1.6
130,32,-103.13,1.6
130,8,-263.22,4.8
131,18,-347.48,1.6
132,32,-126.57,4.8
133,54,422.83,4.8
133,8,-298.68,4.8
133,18,-377.74,1.6
135,32,-161.9,4.8
137,32,-184.39,4.8
137,18,-438.61,1.6
138,8,-357.29,4.8
142,8,-404.01,4.8
143,54,279.1,4.8
143,32,-251.72,4.8
146,32,-286.98,4.8
147,32,-298.25,4.8
149,32,-320.34,4.8
150,8,-497.8,4.8
151,32,-343.17,4.8
153,54,133.07,4.8
153,32,-365.96,4.8
156,32,-400.69,4.8
157,54,74.88,4.8
160,54,31.62,4.8
162,54,13.72,4.8
164,54,11.4,4.8
166,54,11.4,4.8
167,72,492.78,4.8
172,54,11.4,4.8
175,73,451.42,4.8
177,76,490.36,4.8
177,73,425.06,4.8
178,72,372.86,4.8
179,76,478.81,4.8
179,73,399.4,4.8
180,72,346.09,4.8
180,76,470.79,4.8
181,54,11.4,4.8
182,54,11.4,4.8
184,76,425.99,4.8
185,72,279.52,4.8
186,54,11.4,4.8
186,73,309.24,4.8
187,54,11.4,4.8
190,73,256.33,4.8
192,76,331.19,4.8
193,54,11.4,4.8
194,76,307.48,4.8
195,72,147.98,4.8
196,73,176.42,4.8
197,54,11.4,4.8
200,76,236.52,4.8
201,73,110.21,4.8
203,73,84.61,4.8
205,73,58.2,4.8
206,76,165.94,4.8
207,76,154.66,4.8
209,54,11.4,4.8
209,89,475.76,4.8
210,72,33.9,1.6
211,72,33.9,1.6
212,76,96.44,4.8
214,72,29.23,1.6
215,73,37.96,4.8
215,76,60.75,4.8
215,72,24.56,1.6
215,89,406.99,4.8
217,73,28.09,4.8
218,76,38.21,4.8
220,76,27.94,4.8
223,76,9,1.6
223,89,310.95,4.8
224,54,-161.34,4.8
224,72,-76.81,1.6
225,54,-176.27,4.8
226,89,274.77,4.8
226,54,-190.38,4.8
228,73,-68.28,4.8
229,73,-80.92,4.8
229,54,-234.15,4.8
230,73,-94.01,4.8
230,54,-249.12,4.8
232,73,-120.49,4.8
233,89,191.67,4.8
234,76,-116.68,1.6
236,72,-237.25,4.8
236,89,155.2,4.8
237,73,-184.72,4.8
237,54,-348.46,4.8
238,54,-362.76,4.8
238,76,-163.9,4.8
238,72,-264.16,4.8
239,72,-276.98,4.8
241,76,-198.46,4.8
242,73,-250.27,4.8
242,89,82.68,4.8
242,54,-421.26,4.8
245,72,-355.54,4.8
247,54,-494.07,4.8
249,72,-408.93,4.8
250,89,11.43,1.6
250,72,-422.85,4.8
254,76,-350.77,4.8
254,89,11.4,1.6
255,73,-422.06,4.8
259,76,-411.14,4.8
261,89,11.4,4.8
262,76,-447.49,4.8
263,89,11.4,4.8
266,76,-495.26,4.8
268,89,11.4,4.8
270,89,11.4,4.8
271,89,11.4,4.8
280,116,351.88,4.8
288,116,243.47,4.8
290,89,11.4,4.8
291,89,11.4,4.8
291,116,201.34,4.8
297,89,11.4,4.8
300,89,11.4,4.8
302,116,49.44,1.6
303,123,257.42,1.6
303,89,11.4,4.8
304,89,11.4,4.8
305,89,11.4,4.8
307,89,11.4,4.8
308,123,184.92,1.6
310,116,11.4,1.6
311,123,142.3,1.6
312,89,11.4,4.8
312,123,128.19,1.6
313,116,11.4,1.6
313,89,11.4,4.8
325,89,-91.25,4.8
325,116,-96.63,1.6
329,89,-139.73,4.8
330,89,-151.53,4.8
331,89,-164.22,4.8
331,123,-145.61,1.6
332,89,-176.89,4.8
335,116,-233.97,1.6
336,123,-218.14,1.6
339,89,-262.97,4.8
342,89,-298.46,4.8
345,123,-348.46,1.6
349,123,-402.74,1.6
351,150,461.8,4.8
352,150,449,4.8
353,123,-459.33,1.6
354,89,-442.34,4.8
354,150,423.13,4.8
354,123,-473.82,1.6
354,116,-497.04,1.6
356,150,396.23,4.8
357,89,-477.69,4.8
358,152,426.16,4.8
363,152,364.62,4.8
364,150,291.92,4.8
370,150,212.33,4.8
373,152,242.37,4.8
378,152,181.51,4.8
379,150,93.41,4.8
380,152,156.86,4.8
382,152,133.48,4.8
384,150,26.64,4.8
385,166,488.38,4.8
386,166,482.84,4.8
387,166,475.24,4.8
389,152,48.78,4.8
389,166,454.18,4.8
394,150,11.4,4.8
396,171,481.77,4.8
396,172,494.9,4.8
396,166,360.53,4.8
396,152,11.42,1.6
398,150,11.4,4.8
398,166,333.37,4.8
399,171,452.11,4.8
399,152,11.4,1.6
400,152,11.4,1.6
400,150,11.4,4.8
400,171,438.44,4.8
404,172,428.87,4.8
404,166,251.06,4.8
405,152,11.4,1.6
406,152,11.4,1.6
406,166,224.57,4.8
407,150,11.4,4.8
408,166,197.31,4.8
410,166,170.71,4.8
411,152,11.4,1.6
411,166,157.26,4.8
414,150,11.4,4.8
414,166,116.19,4.8
417,166,75.26,4.8
418,166,61.88,1.6
418,171,201.02,4.8
420,166,34.44,1.6
420,150,9.59,4.8
422,171,146.6,4.8
422,180,421.79,4.8
424,152,-20.59,1.6
425,171,105.99,4.8
426,171,93.02,4.8
427,172,112.97,4.8
428,166,-45.85,1.6
428,152,-68.09,1.6
428,180,341.27,4.8
429,180,327.78,4.8
432,152,-116.66,1.6
432,172,44.51,4.8
433,172,30.8,4.8
434,180,261.13,4.8
434,172,17.44,4.8
435,152,-153.08,1.6
437,171,-52.22,4.8
437,150,-191.69,4.8
437,180,221.1,4.8
437,166,-156.35,1.6
438,180,207.22,4.8
439,152,-203.8,1.6
440,166,-195.3,1.6
440,172,-65.02,4.8
441,191,489.28,4.8
441,166,-207.09,1.6
442,152,-239.95,4.8
442,191,484.06,4.8
443,152,-251.8,4.8
444,180,127.24,4.8
444,152,-264.51,4.8
445,166,-261.94,1.6
445,150,-299.8,4.8
445,171,-159.62,4.8
446,191,447.54,4.8
447,180,86.26,4.8
447,172,-161.86,4.8
447,152,-301.9,4.8
448,193,476.63,4.8
448,152,-313.74,4.8
448,150,-339.35,4.8
448,172,-174.94,4.8
449,180,58.83,4.8
450,171,-225.17,4.8
450,166,-329.88,1.6
451,150,-379.71,4.8
452,193,430.09,4.8
453,172,-241.97,4.8
453,152,-375.94,4.8
454,180,12.53,4.8
454,172,-256.2,4.8
454,193,402.98,4.8
454,191,354.53,4.8
454,150,-419.43,4.8
454,166,-385.2,1.6
455,152,-400.35,4.8
455,166,-398.93,1.6
455,150,-433.31,4.8
455,191,342.73,4.8
456,193,375.4,4.8
456,150,-446.8,4.8
456,171,-305.7,4.8
458,152,-438.11,4.8
459,171,-345.72,4.8
459,180,11.4,4.8
459,172,-324.18,1.6
460,180,11.4,4.8
460,152,-461.59,4.8
460,172,-338.19,1.6
461,191,273.54,1.6
461,172,-351.45,1.6
462,180,11.4,4.8
463,180,11.4,4.8
463,172,-378.04,1.6
464,172,-391.56,1.6
465,172,-405.06,1.6
466,193,243.12,4.8
467,193,230.69,4.8
467,191,204.41,1.6
467,180,11.4,4.8
468,180,11.4,4.8
470,171,-491.06,4.8
471,193,180.37,1.6
472,193,168.01,1.6
473,191,133.84,4.8
474,193,141.02,1.6
475,180,11.4,4.8
475,193,128.21,1.6
476,202,392.29,4.8
477,193,101.87,1.6
478,180,11.4,4.8
482,202,312.03,4.8
483,202,298.59,4.8
484,193,27.08,1.6
484,191,26.59,4.8
485,193,26.46,1.6
485,191,26.48,4.8
487,191,26.4,4.8
489,191,26.4,4.8
493,193,26.4,1.6
495,202,140.96,4.8
495,193,26.4,1.6
496,202,127.87,4.8
497,191,26.4,4.8
502,180,11.4,4.8
509,180,11.4,4.8
509,191,26.4,4.8
512,191,26.4,4.8
513,180,11.4,4.8
513,202,33.9,1.6
513,191,26.4,4.8
515,220,417.15,4.8
515,191,26.4,4.8
517,220,390.98,4.8
518,180,11.4,4.8
519,220,365.28,4.8
520,202,33.9,1.6
521,226,492.99,4.8
521,220,339.43,4.8
522,180,11.4,4.8
522,226,488.65,4.8
522,220,326.29,4.8
524,191,26.4,4.8
524,202,33.9,1.6
526,193,26.4,1.6
526,180,6.19,4.8
527,226,442.12,4.8
528,193,22.15,1.6
528,202,33.18,1.6
529,220,232.55,4.8
529,191,17.31,4.8
529,180,-17.67,4.8
530,191,12.05,4.8
530,180,-29.94,4.8
532,226,368.18,4.8
533,193,-20.76,1.6
534,193,-34.07,1.6
534,191,-27.13,4.8
535,193,-47.25,1.6
536,226,310.62,4.8
537,193,-74.68,1.6
537,180,-124.31,4.8
538,191,-73.59,4.8
538,232,471.97,4.8
540,180,-164.22,4.8
541,202,-104.46,1.6
542,226,223.9,4.8
542,191,-120.84,4.8
542,232,422.58,4.8
543,180,-205.31,4.8
544,232,396.98,4.8
545,232,384.13,4.8
545,193,-180.62,4.8
545,226,180.56,4.8
546,191,-167.41,4.8
547,232,359.67,4.8
547,202,-183.79,1.6
547,220,-7.74,4.8
547,180,-259.73,4.8
547,193,-207.54,4.8
549,232,333.69,4.8
549,191,-201.17,4.8
550,232,320.45,4.8
550,202,-223.95,1.6
550,226,109.74,4.8
551,202,-237.72,1.6
551,180,-313.11,4.8
552,226,81.56,4.8
553,191,-247.76,4.8
553,193,-288.06,4.8
554,220,-100.08,4.8
554,226,53.4,4.8
555,226,39.02,4.8
555,232,257.8,4.8
556,193,-327.55,4.8
558,232,219.72,4.8
559,220,-166.08,4.8
559,191,-316.14,4.8
560,232,194.39,4.8
561,191,-339.77,4.8
562,226,11.4,4.8
563,193,-421.06,4.8
563,191,-363.43,4.8
563,232,155.67,4.8
565,232,129.42,4.8
568,232,91.67,4.8
570,220,-312.44,4.8
572,220,-339.02,4.8
572,232,39.83,4.8
574,220,-364.55,4.8
575,226,11.4,4.8
576,232,11.81,1.6
579,232,11.44,1.6
579,220,-430.77,4.8
581,220,-457.83,4.8
582,232,11.4,1.6
582,253,494.9,4.8
582,220,-471.31,4.8
583,220,-484.06,4.8
583,232,11.4,1.6
584,253,488.82,4.8
586,253,476.52,4.8
586,232,11.4,1.6
587,253,467.23,4.8
587,232,11.4,1.6
589,232,11.4,1.6
592,226,11.4,4.8
592,253,399.32,4.8
593,232,11.4,1.6
595,253,356.37,4.8
597,226,11.4,4.8
599,253,299.13,4.8
601,226,11.4,4.8
605,253,213.07,4.8
608,226,11.4,4.8
609,226,11.4,4.8
611,232,11.4,1.6
613,253,99.73,4.8
614,226,11.4,4.8
615,232,11.4,1.6
617,253,43.66,4.8
617,226,11.4,4.8
618,232,11.4,1.6
619,226,11.4,4.8
625,232,11.4,1.6
625,226,11.4,4.8
627,232,11.4,1.6
628,253,18.9,1.6
628,232,11.4,1.6
629,226,11.4,4.8
632,232,-2.34,1.6
633,253,6.74,1.6
633,232,-10.71,1.6
634,226,-17.58,4.8
635,226,-29.8,4.8
638,226,-72.19,4.8
639,232,-84.35,1.6
642,253,-99.58,1.6
642,232,-122.28,1.6
644,232,-146.69,1.6
645,226,-173.57,4.8
647,226,-201.89,4.8
648,232,-198.29,1.6
650,253,-203.19,1.6
650,232,-223.56,4.8
651,232,-236.82,4.8
652,226,-274.95,4.8
652,253,-232.1,1.6
653,232,-262.92,4.8
659,282,383.89,4.8
659,232,-337.91,4.8
661,282,354.72,4.8
661,226,-404.77,4.8
666,253,-428.48,1.6
667,282,266.55,4.8
668,282,251.4,4.8
671,232,-488.67,4.8
676,291,450.74,4.8
677,282,118.99,4.8
677,294,493.2,4.8
678,282,104.85,4.8
678,291,420.81,4.8
679,282,90.74,4.8
681,291,377.64,1.6
682,294,455.06,4.8
683,291,347.18,1.6
685,282,14.72,4.8
685,294,413.45,4.8
686,282,12.09,4.8
688,291,270.25,1.6
691,282,11.4,4.8
692,294,315.07,4.8
693,282,11.4,4.8
693,294,301.07,4.8
693,291,193.83,1.6
695,294,273.56,4.8
698,294,230.53,4.8
700,282,11.4,4.8
701,282,11.4,4.8
705,294,128.78,4.8
706,282,11.4,4.8
706,294,114.1,4.8
707,291,18.94,1.6
709,294,71.68,4.8
710,294,57.82,4.8
712,291,18.9,1.6
713,294,30.88,1.6
716,294,26.5,1.6
720,294,26.4,1.6
721,294,26.4,1.6
721,313,492.36,4.8
722,294,26.4,1.6
726,313,448.84,4.8
726,291,18.9,1.6
727,291,18.9,1.6
728,282,11.4,4.8
728,291,18.9,1.6
729,313,410.82,4.8
729,291,18.9,1.6
730,291,18.9,1.6
731,294,26.4,1.6
734,282,11.4,4.8
734,294,26.4,1.6
736,313,323.5,4.8
739,282,-18.26,4.8
740,313,271.45,4.8
741,294,5.99,1.6
743,291,-38.62,1.6
746,282,-116.5,4.8
747,291,-100.39,1.6
748,282,-145.77,4.8
748,294,-85.48,1.6
750,282,-175.25,4.8
752,291,-175.24,1.6
754,282,-233.24,4.8
755,282,-247.81,4.8
756,294,-197.01,1.6
761,294,-268.29,4.8
761,313,6.11,4.8
761,291,-312.04,1.6
763,331,488.17,4.8
764,294,-310.37,4.8
766,331,462.87,4.8
767,294,-351.33,4.8
767,331,451,4.8
771,294,-408.84,4.8
771,313,-120.58,4.8
772,291,-480.01,1.6
774,294,-450.64,4.8
775,331,334.5,4.8
775,294,-464.79,4.8
776,294,-479.13,4.8
776,331,319.5,4.8
779,331,274.45,4.8
779,313,-221.94,4.8
783,331,215.37,4.8
785,331,186.33,4.8
786,331,171.33,4.8
798,313,-461.87,4.8
800,331,11.49,4.8
800,313,-486.14,4.8
811,331,11.4,4.8
817,331,11.4,4.8
820,355,473.67,4.8
826,331,11.4,4.8
827,331,11.4,4.8
832,331,11.4,4.8
834,331,11.4,4.8
835,355,238.5,4.8
837,331,11.4,4.8
837,355,205.75,4.8
838,355,188.46,4.8
841,355,137,4.8
842,364,467.95,4.8
844,355,86.01,4.8
847,364,413.6,4.8
848,355,20.12,1.6
849,364,392.09,4.8
849,331,-89.34,1.6
850,355,-13.48,1.6
852,355,-46.98,1.6
853,355,-63.53,1.6
854,370,483.41,4.8
854,364,333.39,4.8
855,355,-97.67,1.6
855,370,476.12,4.8
855,331,-177.49,1.6
856,370,467.32,4.8
856,364,310.44,4.8
857,331,-206.83,1.6
858,355,-147.71,1.6
858,370,444.23,4.8
859,364,275.93,4.8
859,331,-236.68,1.6
861,364,252.66,4.8
863,370,380.4,4.8
863,355,-232.61,1.6
866,355,-284.63,1.6
866,370,341.48,4.8
870,370,290.7,4.8
872,331,-428.97,1.6
873,355,-403.07,1.6
874,364,103.27,4.8
876,370,213.98,4.8
877,364,70.26,4.8
877,355,-471.27,1.6
880,370,162.05,4.8
885,364,11.69,4.8
887,364,11.45,4.8
887,370,73.84,4.8
888,385,482.96,4.8
889,385,474.32,4.8
892,370,15.45,1.6
893,385,421.42,4.8
894,385,405.34,4.8
896,370,11.4,1.6
896,385,372.88,4.8
897,364,11.4,4.8
899,364,11.4,4.8
900,385,309.19,4.8
900,390,483.37,4.8
901,370,11.4,1.6
903,370,11.4,1.6
903,364,11.4,4.8
904,370,11.4,1.6
904,385,244.38,4.8
905,364,11.4,4.8
906,385,211.88,4.8
909,385,164.11,4.8
911,370,11.4,1.6
914,364,11.4,4.8
914,370,11.4,1.6
916,385,51.42,4.8
917,370,11.4,1.6
917,390,244.21,4.8
919,385,21.15,4.8
920,390,199.14,4.8
922,401,494.9,4.8
922,364,11.4,4.8
923,401,493.11,4.8
923,370,11.4,1.6
926,370,11.4,1.6
931,390,37.11,4.8
932,364,11.4,4.8
936,385,18.9,4.8
936,390,26.4,4.8
937,385,18.9,4.8
937,364,11.4,4.8
938,401,322.93,4.8
939,364,11.4,4.8
940,401,297.79,4.8
941,370,11.4,1.6
944,370,11.4,1.6
944,390,26.4,4.8
945,390,26.4,4.8
945,370,9.15,1.6
947,390,25.16,4.8
948,364,-8.92,4.8
950,409,391.88,4.8
950,401,167.7,4.8
953,370,-69.12,1.6
954,401,116.05,4.8
955,409,322.78,4.8
956,409,308.72,4.8
956,385,-80.86,1.6
957,401,77.85,4.8
957,409,295.36,4.8
958,370,-133.53,1.6
959,385,-122.13,1.6
959,409,268.19,4.8
960,364,-140.83,4.8
960,401,39.11,4.8
962,385,-169.03,1.6
963,370,-197.57,4.8
963,385,-184.97,1.6
964,385,-200.53,1.6
965,409,184.84,4.8
965,401,-25.75,4.8
966,370,-236.87,4.8
966,401,-38.13,4.8
967,401,-51.3,4.8
967,364,-220.47,4.8
967,385,-249.22,1.6
968,370,-262.89,4.8
970,385,-296.46,1.6
970,390,-263.09,1.6
970,364,-253.79,4.8
970,409,115.65,4.8
971,407,75.51,4.8
972,409,87.95,4.8
973,409,74.71,4.8
976,385,-391.33,1.6
977,409,22.92,1.6
978,385,-423.83,1.6
978,407,11.52,4.8
980,385,-456.52,1.6
980,401,-220.44,4.8
980,407,11.41,4.8
982,390,-442.14,1.6
983,390,-457.69,1.6
983,401,-258.68,4.8
984,407,11.4,4.8
984,401,-271.68,4.8
985,401,-285,4.8
986,407,11.4,4.8
986,409,11.4,1.6
987,409,11.4,1.6
988,401,-323.23,4.8
991,364,-492.93,4.8
993,401,-389.45,4.8
994,401,-402.78,4.8
995,409,11.4,1.6
995,401,-416.06,4.8
995,407,11.4,4.8
996,407,11.4,4.8
999,409,11.4,1.6
1000,407,11.4,4.8
1002,409,11.4,1.6
1003,409,11.4,1.6
1007,407,11.4,4.8
1008,409,11.4,1.6
1010,409,11.4,1.6
1019,407,11.4,4.8
1021,407,11.4,4.8
1023,407,11.4,4.8
1025,407,11.4,4.8
1025,409,11.4,1.6
1028,446,482.91,4.8
1029,409,11.4,1.6
1030,409,11.4,1.6
1033,407,11.4,4.8
1038,409,11.4,1.6
1038,451,493.06,4.8
1044,446,258.95,4.8
1050,451,362.02,4.8
1051,407,5.99,4.8
1052,409,2,1.6
1052,451,336.41,4.8
1054,407,-16.17,4.8
1055,451,298.44,4.8
1056,451,285.44,4.8
1057,409,-52.01,1.6
1058,446,53.01,4.8
1059,407,-78.07,4.8
1059,451,247.8,4.8
1059,446,38.11,4.8
1060,407,-91.74,4.8
1062,409,-122.5,1.6
1065,409,-164.56,1.6
1067,451,147.81,4.8
1067,407,-183.32,4.8
1068,451,134.94,4.8
1069,451,122.44,4.8
1070,407,-222.84,4.8
1071,409,-248.04,1.6
1072,407,-248.65,4.8
1072,446,-150.77,4.8
1074,409,-289.16,1.6
1074,407,-275.8,4.8
1076,407,-300.76,4.8
1077,407,-314.05,4.8
1077,451,24.07,4.8
1078,407,-327.27,4.8
1078,451,11.49,4.8
1079,446,-254.45,4.8
1080,407,-353.51,4.8
1081,409,-385.84,4.8
1081,407,-367.16,4.8
1081,446,-284.63,4.8
1082,446,-299.82,4.8
1085,407,-418.83,4.8
1089,407,-470.52,4.8
1089,451,-124.34,4.8
1090,446,-417.51,4.8
1093,451,-172.78,4.8
1109,451,-372.34,4.8
1112,451,-409.1,4.8
1115,451,-447.28,4.8
1121,487,493.48,4.8
1126,487,456.37,4.8
1129,487,419.67,4.8
1133,487,370.77,4.8
1139,487,297.53,4.8
1150,487,162.18,4.8
1155,487,99.33,4.8
1158,487,62.16,4.8
1162,487,19.92,1.6
1174,509,481.65,4.8
1175,509,472.9,4.8
1175,487,-134.06,1.6
1176,509,462.8,4.8
1176,487,-146.7,1.6
1179,487,-182.77,4.8
1182,509,379.72,4.8
1183,509,365.92,4.8
1183,487,-230.09,4.8
1185,509,338.81,1.6
1191,487,-327.99,4.8
1194,487,-365.23,4.8
1195,487,-378.12,4.8
1195,509,214.77,4.8
1197,487,-402.86,4.8
1199,487,-427.37,4.8
1199,509,158.1,4.8
1201,522,493.5,4.8
1202,522,490.24,4.8
1203,487,-475.85,4.8
1203,509,101.92,4.8
1207,509,44.04,4.8
1212,509,11.54,4.8
1213,522,363.57,4.8
1215,526,452.46,4.8
1216,509,11.4,4.8
1216,522,322.77,4.8
1220,526,388.95,4.8
1222,526,363.28,4.8
1225,522,201.88,4.8
1228,509,11.4,4.8
1228,522,162.02,4.8
1229,526,273.11,4.8
1231,526,247.51,4.8
1232,526,234.19,4.8
1233,535,480.41,4.8
1233,526,221.41,4.8
1234,522,80.64,4.8
1236,526,182.6,4.8
1237,535,440.12,4.8
1237,509,11.4,4.8
1239,526,145.38,4.8
1242,526,107.07,4.8
1243,526,94.3,4.8
1244,535,366.33,4.8
1247,526,43.27,4.8
1252,526,26.43,4.8
1254,522,18.9,4.8
1255,535,249.63,4.8
1255,509,11.4,4.8
1260,535,196.11,4.8
1261,526,26.4,4.8
1261,509,4.3,4.8
1262,526,25.64,4.8
1263,535,163.88,4.8
1263,509,-10.55,4.8
1266,535,132.02,4.8
1266,526,1.91,4.8
1267,526,-9.09,4.8
1267,522,-33.39,4.8
1267,535,121.39,4.8
1268,522,-46.64,4.8
1270,549,425.86,4.8
1272,535,68.83,4.8
1272,522,-100.94,4.8
1273,535,57.7,4.8
1274,535,47.15,4.8
1275,526,-109.62,4.8
1275,522,-142.25,4.8
1277,549,333.79,4.8
1279,535,-5.64,4.8
1279,526,-159.92,4.8
1280,549,293.16,4.8
1281,535,-26.74,4.8
1282,509,-270.66,4.8
1283,549,253.65,4.8
1285,535,-69.26,4.8
1286,535,-80.3,4.8
1286,522,-290.58,4.8
1286,509,-328.25,4.8
1287,522,-304.16,4.8
1288,526,-274.17,4.8
1288,509,-356.82,4.8
1290,535,-122.62,4.8
1292,526,-325.88,4.8
1294,549,108.12,4.8
1294,535,-165.15,4.8
1295,535,-176.08,4.8
1295,549,95.18,4.8
1296,526,-377.02,4.8
1296,549,81.55,4.8
1297,522,-438.27,4.8
1297,509,-485.22,4.8
1301,535,-237.6,4.8
1301,549,18.21,4.8
1301,566,494.9,4.8
1304,566,483.01,4.8
1304,549,11.46,4.8
1305,566,474.49,4.8
1306,549,11.41,4.8
1308,566,440.26,4.8
1310,567,452.48,4.8
1311,567,439.73,4.8
1315,535,-383.24,4.8
1318,566,301.81,4.8
1318,567,331.45,4.8
1319,566,288.15,4.8
1319,549,11.4,4.8
1319,567,316.46,4.8
1320,549,11.4,4.8
1323,549,11.4,4.8
1323,566,233.28,4.8
1323,567,257.62,1.6
1325,549,11.4,4.8
1327,567,194.62,1.6
1331,567,132.06,1.6
1331,549,11.4,4.8
1333,566,96.23,4.8
1335,549,11.4,4.8
1336,549,11.4,4.8
1336,567,55.26,1.6
1341,549,11.4,4.8
1342,549,11.4,4.8
1343,566,26.4,4.8
1345,585,494.9,4.8
1351,549,11.4,4.8
1352,566,26.4,4.8
1352,567,26.4,1.6
1353,549,11.4,4.8
1354,566,26.4,4.8
1355,585,407.88,4.8
1356,567,26.4,1.6
1358,590,488.35,4.8
1360,549,11.4,4.8
1360,566,26.4,4.8
1361,549,11.4,4.8
1362,590,450.69,4.8
1365,566,26.4,4.8
1365,590,407.42,4.8
1366,585,279.3,4.8
1369,590,351.81,1.6
1369,595,493.54,4.8
1371,585,221.75,4.8
1371,549,-38.51,4.8
1371,566,8.1,4.8
1372,595,480.23,4.8
1374,566,-20.52,4.8
1376,566,-46.91,4.8
1377,567,-69.83,1.6
1378,549,-130.17,4.8
1378,590,245.29,1.6
1379,567,-101.25,1.6
1380,549,-156.26,4.8
1381,549,-169.51,4.8
1381,567,-132.15,1.6
1382,590,200.89,1.6
1383,549,-195.46,4.8
1383,567,-163.41,1.6
1383,590,188.59,1.6
1386,595,321.54,4.8
1387,549,-248.99,4.8
1388,566,-213.23,4.8
1388,595,297.08,4.8
1390,566,-240.61,4.8
1391,567,-287.76,1.6
1392,566,-267.55,4.8
1393,590,50.63,4.8
1393,549,-330.18,4.8
1393,566,-281.61,4.8
1393,595,236.06,4.8
1394,595,223.45,4.8
1394,566,-294.83,4.8
1394,585,-45.69,4.8
1400,566,-376.1,4.8
1400,549,-424.49,4.8
1401,585,-125.26,4.8
1402,590,11.4,4.8
1402,585,-136.46,4.8
1403,585,-148.68,4.8
1404,567,-491.36,1.6
1404,549,-478.98,4.8
1407,590,11.4,4.8
1408,590,11.4,4.8
1412,595,19.02,4.8
1412,590,11.4,4.8
1413,595,18.95,4.8
1414,590,11.4,4.8
1414,585,-277.78,4.8
1415,585,-289.95,4.8
1418,590,11.4,4.8
1419,585,-336.19,4.8
1428,590,11.4,4.8
1428,595,18.9,4.8
1430,590,11.4,4.8
1431,590,11.4,4.8
1436,590,11.4,4.8
1436,623,473,4.8
1437,595,18.9,4.8
1441,595,18.9,4.8
1442,590,11.4,4.8
1443,595,18.9,4.8
1444,623,366.44,4.8
1445,590,11.4,4.8
1445,623,353.03,4.8
1446,590,11.4,4.8
1447,590,11.4,4.8
1449,590,11.4,4.8
1451,590,11.4,4.8
1455,623,217.75,4.8
1455,595,18.9,4.8
1456,590,11.4,4.8
1456,623,204.09,4.8
1457,595,18.9,4.8
1457,623,190.6,4.8
1458,623,176.81,4.8
1458,595,18.9,4.8
1461,590,11.4,4.8
1464,623,94.92,4.8
1464,595,18.9,4.8
1465,595,18.9,4.8
1467,590,11.4,4.8
1468,595,18.9,4.8
1470,595,18.9,4.8
1472,590,0.24,4.8
1472,623,41.43,4.8
1473,595,11.11,4.8
1474,623,41,4.8
1475,623,38.78,4.8
1478,590,-70.68,4.8
1486,590,-183.98,4.8
1486,595,-131.18,4.8
1487,623,-83.09,1.6
1487,595,-143.22,4.8
1488,623,-96.87,1.6
1490,590,-241.54,4.8
1490,623,-124.03,1.6
1494,590,-299.34,4.8
1495,590,-314.23,4.8
1498,590,-357.48,4.8
1501,623,-275.92,1.6
1502,590,-415.02,4.8
1503,590,-428.94,4.8
1504,590,-442.89,4.8
1505,595,-363.18,4.8
1506,595,-375.63,4.8
1509,654,456.37,4.8
1509,595,-412.13,4.8
1514,595,-472.71,4.8
1514,654,387.15,4.8
1515,654,373.39,4.8
1516,623,-480.88,1.6
1520,654,302.69,4.8
1525,654,231.55,4.8
1528,654,187.46,4.8
1537,654,56.92,4.8
1538,654,43.19,4.8
1539,654,28.74,4.8
1545,654,11.49,4.8
1546,654,11.42,4.8
1547,654,11.41,4.8
1548,654,11.4,4.8
1550,654,11.4,4.8
1557,654,11.4,4.8
1569,654,11.4,4.8
1571,654,11.4,4.8
1579,687,494.9,4.8
1582,654,-53.9,4.8
1585,654,-96.53,4.8
1588,687,420.95,4.8
1589,654,-154.44,4.8
1593,687,362.95,4.8
1594,654,-224.26,4.8
1594,687,351.01,4.8
1595,654,-238.93,4.8
1595,691,439.93,4.8
1597,654,-267.38,4.8
1598,687,304.78,4.8
1603,691,332.15,4.8
1606,687,213.12,4.8
1609,654,-437.06,4.8
1610,654,-451.23,4.8
1613,654,-492.85,4.8
1615,691,169.2,4.8
1618,691,128.64,4.8
1619,687,66.45,4.8
1623,691,60.95,4.8
1625,687,11.57,4.8
1627,687,11.41,4.8
1628,687,11.4,4.8
1629,687,11.4,4.8
1632,691,11.4,1.6
1634,687,11.4,4.8
1634,691,11.4,1.6
1635,691,11.4,1.6
1638,687,11.4,4.8
1640,687,11.4,4.8
1642,687,11.4,4.8
1643,687,11.4,4.8
1644,691,11.4,1.6
1644,687,11.4,4.8
1645,691,11.4,1.6
1646,713,435.36,4.8
1650,691,11.4,1.6
1650,687,11.4,4.8
1651,713,359.02,4.8
1652,691,11.4,1.6
1652,713,343.3,4.8
1653,691,11.4,1.6
1654,713,311.47,4.8
1654,687,11.4,4.8
1655,691,11.4,1.6
1656,713,279.6,4.8
1657,687,11.4,4.8
1659,691,11.4,1.6
1661,691,11.4,1.6
1662,713,184.63,4.8
1662,691,11.4,1.6
1665,691,11.4,1.6
1665,713,137.37,4.8
1669,691,11.4,1.6
1669,713,74.31,4.8
1672,687,11.4,4.8
1673,691,11.4,1.6
1674,687,11.4,4.8
1674,713,19.52,4.8
1676,713,18.92,4.8
1677,713,18.91,4.8
1679,713,18.9,4.8
1680,691,8.85,1.6
1680,713,18.9,4.8
1680,687,9.86,4.8
1681,691,3.76,1.6
1681,731,494.9,4.8
1683,731,488.43,4.8
1683,691,-13.08,1.6
1684,731,482.61,4.8
1685,713,-5.13,4.8
1687,687,-51.21,4.8
1688,713,-40.21,1.6
1689,691,-91,4.8
1690,691,-104.4,4.8
1691,687,-97.7,4.8
1693,713,-120.06,1.6
1694,731,354.32,1.6
1694,713,-135.25,1.6
1694,687,-132.19,4.8
1695,731,339.85,1.6
1696,713,-166.03,1.6
1697,687,-166.31,4.8
1698,713,-196.86,1.6
1700,713,-228.16,1.6
1701,713,-243.7,1.6
1701,687,-210.95,4.8
1704,691,-294.29,4.8
1704,687,-244.32,4.8
1705,687,-256.1,4.8
1707,687,-278.57,4.8
1711,691,-388.58,4.8
1713,687,-346.63,4.8
1713,713,-432.2,1.6
1714,691,-428.85,4.8
1715,744,466.83,4.8
1715,713,-463.37,1.6
1716,744,456.38,4.8
1718,691,-482.19,4.8
1718,687,-404.54,4.8
1719,687,-416.1,4.8
1720,687,-427.89,4.8
1722,731,11.41,4.8
1723,731,11.4,4.8
1723,749,493.21,4.8
1724,749,490.08,4.8
1724,747,447.17,4.8
1724,731,11.4,4.8
1725,749,484.63,4.8
1726,731,11.4,4.8
1728,731,11.4,4.8
1729,749,444.32,4.8
1735,744,249.63,4.8
1735,749,374.74,4.8
1736,749,363.78,4.8
1736,744,238.68,4.8
1738,744,216.12,4.8
1739,731,11.4,4.8
1739,749,328.77,4.8
1740,744,194.5,4.8
1741,731,11.4,4.8
1744,749,272.08,4.8
1745,749,260.32,4.8
1746,731,11.4,4.8
1746,749,249.49,4.8
1747,749,237.53,4.8
1748,747,111.53,1.6
1749,731,11.4,4.8
1751,749,190.28,4.8
1751,731,11.4,4.8
1752,744,63.25,4.8
1752,731,11.4,4.8
1753,749,166.77,4.8
1754,744,41.21,4.8
1757,749,122.49,4.8
1758,744,18.96,4.8
1758,731,11.4,4.8
1759,747,26.4,1.6
1759,731,11.4,4.8
1761,764,474.62,4.8
1762,764,465.36,4.8
1762,763,424.56,4.8
1763,763,411.54,4.8
1763,749,54.97,4.8
1764,731,11.4,4.8
1764,744,18.9,4.8
1765,731,11.4,4.8
1766,731,11.4,4.8
1766,747,26.4,1.6
1768,763,346.48,4.8
1771,749,26.4,4.8
1771,763,306.89,4.8
1772,749,26.4,4.8
1772,764,345.07,4.8
1773,763,280.33,4.8
1773,764,332.66,4.8
1775,731,11.4,4.8
1776,747,26.4,1.6
1776,749,26.4,4.8
1776,744,18.9,4.8
1781,747,26.4,1.6
1781,744,18.9,4.8
1781,773,474.17,4.8
1781,731,11.4,4.8
1782,764,223.13,4.8
1783,764,211.09,4.8
1784,731,11.4,4.8
1784,773,439.43,4.8
1785,731,9.43,4.8
1785,747,26.4,1.6
1787,747,25.14,1.6
1788,744,7.43,4.8
1788,773,388.83,4.8
1789,731,-17.1,4.8
1790,764,127.08,4.8
1791,763,48.74,4.8
1792,731,-58.73,4.8
1792,747,-12.23,1.6
1793,731,-74.46,4.8
1794,744,-50.45,4.8
1795,764,66,4.8
1796,764,53.96,4.8
1798,764,29.47,4.8
1798,744,-94.38,4.8
1799,773,248.71,4.8
1801,749,-108.29,1.6
1801,763,-68.34,4.8
1803,764,-31.98,4.8
1803,749,-131.34,1.6
1804,763,-108.36,4.8
1804,747,-182.4,1.6
1804,749,-142.6,1.6
1804,773,185.92,4.8
1805,749,-153.78,1.6
1805,773,173.32,4.8
1806,764,-67.11,4.8
1808,747,-238.17,1.6
1808,764,-90.92,4.8
1808,749,-189.09,1.6
1808,731,-303.01,4.8
1810,773,111.47,4.8
1810,787,492.61,4.8
1811,749,-224.14,1.6
1812,747,-294.26,1.6
1813,747,-308.42,1.6
1814,764,-163.7,4.8
1815,764,-175.32,4.8
1815,731,-408.55,4.8
1817,787,427.59,4.8
1817,744,-302.25,4.8
1818,744,-312.59,4.8
1819,749,-314.47,1.6
1820,764,-237.53,4.8
1821,787,367.44,4.8
1821,773,11.43,4.8
1821,764,-249.45,4.8
1822,773,11.41,4.8
1822,787,352.49,4.8
1824,787,323.29,4.8
1825,744,-387.8,4.8
1825,773,11.4,4.8
1827,763,-388.62,4.8
1828,749,-415.1,1.6
1828,764,-335.53,4.8
1830,744,-441.04,4.8
1830,773,11.4,4.8
1831,787,222.22,4.8
1832,787,207.67,4.8
1832,744,-463.44,4.8
1835,763,-475.76,4.8
1836,764,-432.18,4.8
1836,773,11.4,4.8
1843,787,46.82,1.6
1846,787,14.32,1.6
1850,773,11.4,4.8
1852,787,11.4,1.6
1855,787,11.4,1.6
1856,787,11.4,1.6
1859,773,11.4,4.8
1862,787,11.4,1.6
1864,787,11.4,1.6
1865,787,11.4,1.6
1868,787,11.4,1.6
1873,787,11.4,1.6
1877,787,11.4,1.6
1878,773,11.4,4.8
1883,773,11.4,4.8
1887,773,11.4,4.8
1888,787,11.4,1.6
1888,821,494.9,4.8
1888,817,395.36,4.8
1889,773,11.4,4.8
1890,817,365.6,4.8
1891,821,481.71,4.8
1891,787,4.57,1.6
1893,773,-7.89,4.8
1894,817,304.96,4.8
1894,821,452.07,4.8
1896,817,275.23,4.8
1897,787,-62.26,1.6
1899,787,-91.45,4.8
1901,821,367.46,4.8
1903,828,494.9,4.8
1904,821,332.65,4.8
1905,828,488.41,4.8
1905,821,321.12,4.8
1906,828,482.41,4.8
1906,817,123.83,4.8
1908,821,285.1,4.8
1908,828,465.13,4.8
1909,828,453.67,4.8
1909,787,-238.04,4.8
1910,817,64.64,4.8
1911,828,424.22,4.8
1911,773,-223.7,4.8
1913,817,27.7,4.8
1913,773,-248.97,4.8
1913,787,-296.72,4.8
1914,773,-261.62,4.8
1915,787,-326.95,4.8
1918,787,-372.63,4.8
1920,773,-336.7,4.8
1921,773,-348.93,4.8
1922,817,-67.9,1.6
1923,828,227.46,4.8
1924,787,-462.23,4.8
1924,773,-385.51,4.8
1925,787,-476.8,4.8
1926,773,-409.91,4.8
1926,821,71.78,4.8
1930,817,-189.56,1.6
1932,828,79.76,4.8
1935,817,-264.28,4.8
1936,817,-279.85,4.8
1939,817,-325.23,4.8
1940,821,11.4,4.8
1941,821,11.4,4.8
1941,817,-355.13,4.8
1943,817,-384.01,4.8
1946,817,-428.22,4.8
1946,828,18.9,4.8
1948,821,11.4,4.8
1948,817,-458.1,4.8
1950,817,-487.42,4.8
1951,821,11.4,4.8
1955,821,11.4,4.8
1958,821,11.4,4.8
1960,821,11.4,4.8
1961,828,18.9,4.8
1963,853,490.35,4.8
1966,853,467.58,4.8
1969,821,11.4,4.8
1970,821,11.4,4.8
1972,821,11.4,4.8
1977,853,327.69,4.8
1978,853,315.09,4.8
1980,828,18.9,4.8
1985,821,11.4,4.8
1986,828,18.9,4.8
1987,862,452.99,4.8
1989,828,18.9,4.8
1990,853,160.88,4.8
1991,853,148.43,4.8
1992,828,18.9,4.8
1994,821,11.4,4.8
1995,853,97.64,4.8
1998,828,5.63,4.8
1999,821,-22.01,4.8
1999,862,312.37,4.8
2000,828,-13.72,4.8
2001,821,-45.33,4.8
2002,870,489.73,4.8
2003,853,19.76,4.8
2003,828,-49.97,1.6
2004,862,254.08,4.8
2006,828,-98.28,1.6
2007,862,220.07,4.8
2007,828,-114.73,1.6
2008,862,208.33,4.8
2009,870,416.36,4.8
2009,862,196.49,4.8
2010,828,-163.36,1.6
2011,821,-162.65,4.8
2012,853,-79.73,4.8
2013,870,361.81,4.8
2015,821,-210.58,4.8
2018,862,93.07,4.8
2018,828,-293.46,1.6
2019,853,-169.54,4.8
2021,870,250.56,4.8
2021,821,-281.5,4.8
2021,853,-195.79,4.8
2022,853,-208.79,4.8
2023,828,-375.65,1.6
2024,821,-316.77,4.8
2024,828,-391.81,1.6
2026,870,180.51,4.8
2027,821,-352.13,4.8
2027,828,-440.58,1.6
2030,853,-311.62,4.8
2030,870,123.84,4.8
2032,870,95.99,4.8
2033,862,11.4,4.8
2034,853,-364.24,4.8
2036,853,-388.85,4.8
2039,870,19.65,4.8
2052,870,18.9,4.8
2059,870,18.9,4.8
2060,870,18.9,4.8
2060,893,443.65,4.8
2061,896,492.71,4.8
2062,870,18.9,4.8
2062,896,489.06,4.8
2063,870,18.9,4.8
2063,862,11.4,4.8
2063,893,403.24,4.8
2065,893,376.24,4.8
2065,896,467.15,4.8
2067,893,350.67,4.8
2070,870,18.9,4.8
2070,896,397.88,4.8
2071,893,298.01,4.8
2071,896,382.51,4.8
2073,870,18.9,4.8
2073,893,271.56,4.8
2073,862,11.4,4.8
2074,893,257.97,4.8
2075,870,18.9,4.8
2075,893,245.47,4.8
2076,896,308.84,4.8
2077,893,218.27,4.8
2077,862,11.4,4.8
2078,893,205,4.8
2079,862,11.4,4.8
2081,896,236.62,1.6
2082,896,221.66,1.6
2084,862,11.4,4.8
2084,904,447.23,4.8
2085,904,432.77,4.8
2085,862,11.4,4.8
2087,870,18.9,4.8
2088,893,76.87,4.8
2088,870,18.9,4.8
2090,870,18.9,4.8
2090,893,50.24,4.8
2091,904,345.11,4.8
2092,904,330,4.8
2093,904,314.71,4.8
2094,893,26.44,4.8
2095,893,26.41,4.8
2097,896,48.91,4.8
2100,893,26.4,4.8
2101,904,196.27,4.8
2103,862,-6.52,4.8
2104,893,19.63,4.8
2105,904,136.24,4.8
2106,862,-38.94,4.8
2106,893,6.44,4.8
2107,893,-2.77,4.8
2108,896,28.52,4.8
2109,862,-73.66,4.8
2109,870,-54.87,1.6
2111,904,49.17,4.8
2112,896,-4.65,4.8
2113,893,-80.07,4.8
2113,904,19,4.8
2114,862,-132.24,4.8
2115,893,-106.77,4.8
2115,904,-10.71,4.8
2115,896,-47.5,4.8
2117,896,-77.21,4.8
2117,893,-133.03,4.8
2122,870,-235.09,1.6
2122,862,-223.69,4.8
2123,893,-211.83,4.8
2123,896,-166.31,4.8
2126,862,-269.88,4.8
2127,870,-303.18,1.6
2127,893,-263.15,1.6
2128,862,-292.94,4.8
2129,870,-330.71,1.6
2129,893,-289.56,1.6
2131,862,-326.96,4.8
2131,904,-245.63,4.8
2131,893,-315.91,1.6
2131,870,-358.8,1.6
2133,896,-318.47,4.8
2133,893,-341.64,1.6
2134,862,-362,4.8
2135,862,-373.13,4.8
2135,896,-347.13,4.8
2136,904,-319.22,4.8
2136,862,-384.31,4.8
2137,904,-334.2,4.8
2139,893,-420.02,1.6
2141,870,-498.06,4.8
2141,862,-441.4,4.8
2141,893,-446.89,1.6
2144,893,-485.75,1.6
2144,862,-476.26,4.8
2145,862,-488.28,4.8
2145,893,-498.75,1.6
2146,904,-465.45,4.8
2155,931,337.29,4.8
2162,931,244.33,4.8
2168,931,167.09,4.8
2173,931,101.7,4.8
2180,931,16.36,4.8
2187,931,11.4,4.8
2190,931,11.4,4.8
2191,931,11.4,4.8
2201,931,11.4,4.8
2210,931,-32.18,4.8
2212,931,-59.12,4.8
2214,931,-85.47,4.8
2219,931,-151.79,4.8
2225,931,-230.63,4.8
2229,931,-282.82,4.8
2231,969,473.63,4.8
2235,969,423.54,4.8
2236,969,408.8,4.8
2242,969,321.25,4.8
2243,931,-468,4.8
2247,969,246.08,4.8
2250,969,201.71,4.8
2267,969,11.42,4.8
2268,969,11.41,4.8
2271,969,11.4,4.8
2274,969,11.4,4.8
2275,969,11.4,4.8
2278,969,11.4,4.8
2284,969,11.4,4.8
2289,969,11.4,4.8
2293,969,11.4,4.8
2294,969,11.4,4.8
2298,969,11.4,4.8
2303,969,11.4,1.6
2304,969,11.4,1.6
2310,969,9.53,1.6
2318,969,-68.87,1.6
2320,969,-98.5,1.6
2325,969,-173.27,1.6
2326,969,-188.21,1.6
2338,969,-367.72,1.6
2338,1014,425.16,4.8
2340,1014,395.07,4.8
2342,969,-428.44,1.6
2342,1014,363.84,4.8
2343,1014,348.95,4.8
2345,1014,319.56,1.6
2347,1014,289.53,1.6
2350,1021,484.59,4.8
2353,1014,225.4,1.6
2355,1021,439.54,4.8
2355,1014,202.46,1.6
2362,1014,119,4.8
2364,1014,88.47,4.8
2365,1014,73.87,4.8
2366,1014,58.81,4.8
2367,1014,44.09,4.8
2378,1021,209.85,4.8
2380,1021,190.2,4.8
2381,1014,11.4,4.8
2388,1014,11.4,4.8
2389,1021,100.23,4.8
2391,1014,11.4,4.8
2392,1021,70.87,4.8
2392,1014,11.4,4.8
2393,1021,60.45,4.8
2395,1021,40.47,4.8
2398,1038,379.5,4.8
2399,1038,366.67,4.8
2400,1038,353.85,4.8
2401,1021,26.43,4.8
2404,1038,302.46,4.8
2404,1014,11.4,4.8
2406,1038,276.14,4.8
2411,1048,488.31,4.8
2413,1021,26.4,4.8
2413,1038,184.68,4.8
2413,1048,475.14,4.8
2417,1021,25.04,4.8
2418,1038,119.24,4.8
2420,1021,10.99,4.8
2421,1021,2.34,4.8
2421,1014,-45.96,4.8
2422,1038,67.98,1.6
2423,1048,357.26,4.8
2427,1021,-57.4,4.8
2427,1048,309.32,4.8
2427,1014,-136.56,4.8
2428,1014,-152.08,4.8
2429,1014,-166.39,4.8
2429,1021,-77.57,4.8
2432,1014,-209.83,1.6
2433,1021,-116.95,4.8
2434,1014,-241.02,1.6
2435,1048,210.77,4.8
2436,1048,197.98,4.8
2436,1021,-146.63,4.8
2438,1021,-166.5,4.8
2438,1038,-140.5,1.6
2439,1021,-176.51,4.8
2440,1048,149.1,4.8
2441,1021,-196.59,4.8
2441,1038,-180,1.6
2442,1014,-362.85,1.6
2443,1021,-217.1,4.8
2444,1014,-393.72,1.6
2444,1021,-227.67,4.8
2445,1038,-231.82,1.6
2446,1021,-247.71,4.8
2447,1021,-258.14,4.8
2447,1038,-258.34,1.6
2448,1038,-271.86,1.6
2451,1048,17.2,4.8
2453,1038,-338.29,1.6
2453,1021,-318.21,4.8
2455,1038,-364.11,1.6
2457,1021,-358.16,4.8
2458,1048,11.4,4.8
2459,1048,11.4,4.8
2462,1048,11.4,4.8
2466,1021,-446.02,4.8
2468,1073,488.82,4.8
2473,1074,478.45,4.8
2473,1073,437.08,4.8
2474,1048,11.4,4.8
2475,1074,457.64,4.8
2479,1074,403.03,4.8
2480,1048,11.4,4.8
2480,1074,388.89,4.8
2481,1073,326.94,4.8
2484,1048,11.4,4.8
2489,1074,264.13,4.8
2490,1073,203.67,4.8
2490,1074,250.16,4.8
2493,1074,208.64,4.8
2494,1073,148.8,4.8
2496,1074,165.57,4.8
2498,1074,137.76,4.8
2500,1073,66.45,4.8
2502,1074,81.19,4.8
2502,1048,11.4,4.8
2503,1048,11.4,4.8
2503,1074,67.85,4.8
2504,1048,11.4,4.8
2508,1073,18.91,4.8
2508,1074,26.64,4.8
2511,1048,11.4,4.8
2513,1074,26.4,4.8
2513,1073,18.9,4.8
2514,1074,26.4,4.8
2515,1073,18.9,4.8
2515,1074,26.4,4.8
2517,1048,11.4,4.8
2518,1048,11.4,4.8
2520,1074,26.4,4.8
2521,1073,16.61,4.8
2521,1074,26.4,4.8
2523,1073,7.32,4.8
2524,1048,-21.22,4.8
2524,1074,16.63,4.8
2524,1073,-0.35,4.8
2525,1098,494.9,4.8
2527,1074,-11.42,4.8
2528,1098,483.1,4.8
2530,1048,-94.72,4.8
2531,1098,454.99,4.8
2533,1048,-131.86,4.8
2533,1074,-94.1,4.8
2534,1098,425.73,4.8
2534,1048,-144.59,4.8
2535,1073,-140.42,1.6
2535,1074,-121.48,4.8
2536,1098,406.87,4.8
2537,1098,397.4,4.8
2538,1073,-181.41,1.6
2538,1074,-161.88,4.8
2539,1098,376.97,4.8
2543,1073,-250.31,1.6
2551,1074,-336.31,1.6
2552,1098,249.58,4.8
2552,1048,-364.8,4.8
2553,1098,239.41,4.8
2556,1048,-412.87,4.8
2556,1098,209.23,4.8
2557,1073,-442.49,1.6
2558,1048,-436.3,4.8
2559,1098,179.46,4.8
2560,1074,-458.16,1.6
2561,1074,-472.51,1.6
2563,1048,-497.4,4.8
2565,1098,120.49,4.8
2574,1120,494.9,4.8
2575,1098,20.64,4.8
2578,1098,11.43,4.8
2585,1098,11.4,4.8
2593,1098,11.4,4.8
2595,1128,480.88,4.8
2596,1120,251.74,4.8
2598,1128,450.77,4.8
2601,1128,416.96,4.8
2602,1128,405.31,4.8
2603,1120,165.64,4.8
2604,1120,152.37,4.8
2605,1120,139.04,4.8
2607,1120,114.09,4.8
2609,1120,89.75,4.8
2610,1120,76.92,4.8
2613,1098,11.4,4.8
2614,1128,271.83,4.8
2617,1120,18.92,4.8
2617,1128,238.32,4.8
2619,1120,18.9,4.8
2620,1098,11.4,4.8
2623,1098,11.4,4.8
2625,1120,18.9,4.8
2625,1128,149.13,4.8
2627,1142,489,4.8
2628,1142,483.28,4.8
2629,1120,-0.75,4.8
2631,1098,-38.2,4.8
2637,1142,398.42,4.8
2640,1098,-125.54,4.8
2641,1098,-135.41,4.8
2642,1098,-145.1,4.8
2642,1142,349.96,4.8
2644,1120,-184.85,1.6
2645,1128,-68.31,4.8
2647,1120,-222.5,1.6
2650,1128,-122.75,4.8
2650,1120,-260.96,4.8
2653,1128,-156.27,4.8
2653,1120,-298.93,4.8
2653,1142,240.6,4.8
2654,1128,-167.72,4.8
2657,1098,-294.84,4.8
2659,1142,183.08,4.8
2659,1120,-375.05,4.8
2660,1142,173.6,4.8
2660,1098,-323.68,4.8
2663,1098,-353,4.8
2664,1128,-278.14,4.8
2666,1098,-382.82,4.8
2671,1128,-356.09,4.8
2673,1128,-379.07,4.8
2675,1128,-400.67,4.8
2676,1098,-482.77,4.8
2680,1142,11.42,4.8
2680,1128,-456.22,4.8
2684,1166,474.7,4.8
2686,1166,450.73,4.8
2691,1142,11.4,4.8
2692,1142,11.4,4.8
2696,1166,317.91,4.8
2698,1142,11.4,4.8
2699,1166,276.77,4.8
2700,1166,263.86,4.8
2701,1166,250.91,4.8
2703,1142,11.4,4.8
2706,1166,185.93,4.8
2713,1142,11.4,4.8
2717,1142,11.4,4.8
2717,1166,40.44,1.6
2721,1166,11.47,1.6
2722,1166,11.43,1.6
2723,1142,11.4,4.8
2726,1142,11.4,4.8
2727,1166,11.4,1.6
2729,1166,11.4,1.6
2731,1142,6.78,4.8
2732,1166,2.21,1.6
2735,1190,494.9,4.8
2735,1142,-22.34,4.8
2737,1166,-50.3,1.6
2739,1166,-77.81,1.6
2739,1142,-63.08,4.8
2739,1190,474.53,4.8
2741,1190,454.14,4.8
2742,1193,494.9,4.8
2742,1166,-119.48,4.8
2742,1142,-92.95,4.8
2745,1190,412.48,4.8
2746,1193,477.71,4.8
2746,1142,-131.45,4.8
2747,1193,468.1,4.8
2748,1142,-150.25,4.8
2749,1190,372.71,4.8
2752,1190,341.71,4.8
2756,1142,-228.59,4.8
2757,1142,-238.95,4.8
2757,1193,315.42,1.6
2760,1190,258.53,4.8
2760,1193,266.76,1.6
2761,1142,-278.91,4.8
2761,1166,-372.23,4.8
2761,1190,248.31,4.8
2762,1142,-288.73,4.8
2762,1193,234.79,1.6
2763,1142,-298.55,4.8
2763,1166,-399.38,4.8
2765,1166,-425.8,4.8
2765,1193,186.44,1.6
2767,1142,-338.4,4.8
2769,1142,-358.07,4.8
2771,1190,146.41,4.8
2772,1193,72.86,1.6
2775,1193,26.69,4.8
2776,1190,94.39,4.8
2780,1190,52.39,4.8
2784,1203,296.75,4.8
2786,1193,11.4,4.8
2787,1203,260.83,4.8
2788,1203,248.88,4.8
2789,1190,11.4,1.6
2795,1190,11.4,1.6
2796,1203,151.36,4.8
2796,1193,11.4,4.8
2800,1203,104.26,4.8
2801,1193,11.4,4.8
2801,1190,11.4,1.6
2802,1190,11.4,1.6
2802,1193,11.4,4.8
2803,1190,11.4,1.6
2806,1190,11.4,1.6
2808,1190,11.4,1.6
2808,1203,19.18,4.8
2810,1193,11.4,4.8
2811,1193,11.4,4.8
2812,1193,11.4,4.8
2813,1190,11.4,1.6
2816,1203,18.9,4.8
2818,1193,11.4,4.8
2819,1190,11.4,1.6
2819,1203,18.9,4.8
2821,1193,11.4,4.8
2822,1190,11.4,1.6
2823,1193,11.4,4.8
2826,1203,18.9,4.8
2827,1203,18.9,4.8
2828,1190,11.4,1.6
2828,1203,18.9,4.8
2829,1193,11.4,4.8
2836,1190,5.39,1.6
2838,1193,-5.5,4.8
2839,1190,-15.87,1.6
2839,1193,-13.89,4.8
2840,1203,-0.79,4.8
2841,1193,-36.35,4.8
2842,1193,-51.12,4.8
2846,1203,-65.83,1.6
2848,1190,-106.13,4.8
2849,1203,-101.49,1.6
2849,1190,-116.75,4.8
2854,1203,-160.41,1.6
2855,1193,-262.43,4.8
2856,1193,-279.03,4.8
2857,1203,-195.6,1.6
2858,1193,-310.62,4.8
2860,1190,-229.85,4.8
2861,1193,-360.21,4.8
2862,1193,-375.86,4.8
2863,1203,-267.85,1.6
2864,1203,-280.05,1.6
2865,1203,-292.07,1.6
2866,1203,-304.51,1.6
2868,1190,-311.53,4.8
2868,1203,-329.26,1.6
2875,1250,489.7,4.8
2876,1190,-394.38,4.8
2878,1190,-415.32,4.8
2883,1250,399.88,4.8
2885,1190,-487.1,4.8
2887,1250,343.75,4.8
2891,1254,405.2,4.8
2893,1250,258.97,4.8
2894,1250,244.64,4.8
2894,1254,359.2,4.8
2896,1254,328.22,4.8
2898,1254,297.05,4.8
2902,1254,235.7,4.8
2903,1254,220.67,4.8
2903,1250,116.8,4.8
2906,1250,73.22,4.8
2907,1254,160.24,4.8
2909,1250,31.75,4.8
2914,1254,55.04,4.8
2917,1254,17.19,1.6
2919,1254,11.52,1.6
2921,1250,11.4,4.8
2926,1254,11.4,1.6
2926,1250,11.4,4.8
2931,1250,11.4,4.8
2931,1254,11.4,1.6
2937,1250,11.4,4.8
2939,1254,11.4,1.6
2940,1254,9.25,1.6
2946,1254,-47.6,4.8
2952,1254,-139.69,4.8
2956,1250,-165.65,4.8
2957,1254,-216.1,4.8
2961,1250,-236.3,4.8
2963,1250,-263.86,4.8
2966,1250,-305.5,4.8
2967,1250,-318.89,4.8
2969,1250,-347.05,4.8
2971,1250,-374.54,4.8
2975,1250,-429.46,4.8
2975,1254,-489.09,4.8
2980,1250,-498.33,4.8
3044,1324,493.01,4.8
3052,1328,494.9,4.8
3055,1328,484.1,4.8
3057,1328,467.37,4.8
3059,1328,444.92,4.8
3063,1324,277.31,4.8
3069,1335,492.82,4.8
3070,1328,315.24,4.8
3076,1324,111.66,4.8
3077,1328,232.04,4.8
3080,1324,61.2,4.8
3080,1335,373.4,4.8
3081,1324,49.09,4.8
3081,1328,184.32,4.8
3082,1335,346,4.8
3083,1328,160.08,4.8
3085,1328,137.33,4.8
3085,1335,304.97,4.8
3088,1324,11.42,4.8
3090,1328,78.28,4.8
3091,1324,11.4,4.8
3094,1335,180.5,4.8
3096,1328,23.15,1.6
3097,1328,20.97,1.6
3097,1335,140.25,4.8
3099,1324,11.4,4.8
3099,1328,18.98,1.6
3100,1324,11.4,4.8
3101,1324,11.4,4.8
3101,1335,86.09,4.8
3105,1328,18.9,1.6
3106,1328,18.9,1.6
3108,1335,26.41,4.8
3114,1324,11.4,4.8
3114,1328,18.9,1.6
3114,1335,26.4,4.8
3115,1335,26.4,4.8
3116,1328,18.9,1.6
3116,1324,11.4,4.8
3118,1328,18.9,1.6
3119,1324,11.4,4.8
3120,1328,18.9,1.6
3122,1335,26.4,4.8
3125,1335,26.4,4.8
3126,1324,11.4,4.8
3127,1335,26.4,4.8
3127,1324,11.4,4.8
3128,1328,18.9,1.6
3132,1328,18.9,1.6
3132,1335,26.4,4.8
3133,1335,26.4,4.8
3135,1324,11.4,4.8
3136,1324,11.4,4.8
3138,1335,26.4,4.8
3140,1324,11.4,4.8
3144,1335,26.4,4.8
3144,1324,11.4,4.8
3146,1328,18.9,1.6
3150,1324,9.19,4.8
3150,1328,18.9,1.6
3154,1328,-0.8,1.6
3154,1335,18.37,4.8
3156,1324,-44.82,4.8
3159,1335,-26.82,4.8
3160,1328,-70.36,1.6
3161,1335,-53.8,4.8
3162,1335,-67.28,4.8
3163,1324,-133.73,4.8
3164,1328,-119.31,1.6
3165,1328,-130.51,1.6
3165,1324,-158.81,4.8
3165,1335,-107.36,4.8
3166,1328,-142.7,1.6
3166,1335,-120.68,4.8
3168,1324,-197.1,4.8
3169,1324,-209.41,4.8
3172,1328,-213.57,1.6
3174,1335,-229.84,4.8
3175,1324,-285.29,4.8
3177,1335,-270.61,4.8
3178,1324,-323.09,4.8
3179,1335,-298.54,4.8
3182,1324,-374.31,4.8
3185,1324,-413.12,4.8
3187,1335,-407,4.8
3189,1324,-463.27,4.8
3194,1328,-474.84,4.8
3215,1396,440.13,4.8
3220,1396,378.34,4.8
3233,1396,218.25,4.8
3238,1404,387.61,4.8
3240,1404,361.33,4.8
3241,1396,119.1,4.8
3244,1404,307.35,4.8
3246,1404,281.6,4.8
3251,1414,492.48,4.8
3251,1396,11.52,4.8
3252,1414,488.18,4.8
3253,1396,11.4,4.8
3254,1404,173.96,4.8
3256,1404,146.89,4.8
3257,1414,436.9,4.8
3258,1414,424.63,4.8
3259,1404,105.99,4.8
3262,1396,-53.96,4.8
3266,1414,323.89,4.8
3266,1396,-102.83,4.8
3267,1404,-2,4.8
3270,1396,-151.71,4.8
3272,1396,-176.37,4.8
3272,1414,249.72,4.8
3273,1396,-188.74,4.8
3275,1396,-214.18,4.8
3276,1404,-122.21,4.8
3279,1426,489.87,4.8
3283,1404,-215.26,4.8
3284,1414,98.37,4.8
3285,1396,-338.31,4.8
3286,1426,415.92,4.8
3288,1426,389.94,4.8
3289,1414,34.78,4.8
3291,1414,15.27,4.8
3291,1404,-322.52,4.8
3291,1396,-412.64,4.8
3292,1426,336.56,4.8
3294,1396,-448.93,4.8
3295,1414,11.41,4.8
3296,1426,283.81,4.8
3299,1414,11.4,4.8
3302,1404,-470.46,4.8
3303,1426,190.74,4.8
3306,1414,11.4,4.8
3308,1414,11.4,4.8
3310,1414,11.4,4.8
3312,1426,72.37,4.8
3314,1426,46.38,4.8
3315,1426,36.38,1.6
3321,1426,11.4,1.6
3322,1414,11.4,4.8
3323,1426,11.4,1.6
3323,1414,11.4,4.8
3328,1414,11.4,4.8
3330,1447,463.62,4.8
3330,1426,11.4,1.6
3336,1414,11.4,4.8
3336,1426,11.4,1.6
3337,1447,384.86,4.8
3338,1426,11.4,1.6
3339,1426,11.4,1.6
3343,1426,11.4,1.6
3344,1447,308.69,1.6
3345,1426,11.4,1.6
3346,1447,286.68,1.6
3349,1447,254.08,1.6
3351,1426,11.4,1.6
3352,1447,220.75,1.6
3352,1426,11.4,1.6
3355,1447,186.53,1.6
3355,1426,11.4,1.6
3358,1414,11.4,4.8
3358,1447,153.43,1.6
3360,1447,130.81,1.6
3362,1414,-0.34,4.8
3362,1447,108.19,1.6
3364,1447,86.07,1.6
3366,1414,-41.11,4.8
3368,1426,-67.82,1.6
3369,1466,494.9,4.8
3370,1466,493.21,4.8
3370,1414,-92.02,4.8
3372,1466,484.82,4.8
3372,1426,-119.86,1.6
3374,1414,-143.03,4.8
3374,1426,-146.01,1.6
3378,1414,-192.5,4.8
3379,1426,-212.64,1.6
3380,1466,411.75,4.8
3380,1426,-225.77,1.6
3381,1466,401.47,4.8
3382,1414,-243.33,4.8
3384,1466,371.89,4.8
3387,1426,-317.01,1.6
3389,1414,-333.23,4.8
3390,1447,-203.29,4.8
3390,1474,483.62,4.8
3391,1414,-358.67,4.8
3393,1414,-384.07,4.8
3393,1466,283.44,4.8
3394,1466,273.18,4.8
3394,1414,-396.94,4.8
3396,1426,-435.15,1.6
3396,1474,421.77,4.8
3398,1426,-461.92,1.6
3398,1414,-447.13,4.8
3399,1447,-304.73,4.8
3399,1474,387.93,4.8
3399,1466,223.04,4.8
3402,1466,194.49,4.8
3403,1447,-348.26,4.8
3405,1466,165.62,4.8
3410,1474,262.93,4.8
3411,1474,251.68,4.8
3414,1474,218.41,4.8
3415,1474,207.13,4.8
3416,1474,195.73,4.8
3416,1466,58.69,4.8
3417,1466,49.53,4.8
3419,1474,161.21,4.8
3422,1466,12.46,4.8
3424,1474,105.15,4.8
3425,1474,94.3,4.8
3427,1474,71.35,4.8
3428,1474,60.51,4.8
3431,1466,11.4,4.8
3431,1493,494.9,4.8
3432,1474,18.62,1.6
3434,1466,11.4,4.8
3438,1466,11.4,4.8
3439,1466,11.4,4.8
3440,1493,415.57,4.8
3442,1466,11.4,4.8
3442,1493,390.64,4.8
3443,1493,378.09,4.8
3443,1466,11.4,4.8
3443,1474,11.4,1.6
3445,1474,11.4,1.6
3448,1493,315.1,4.8
3449,1466,11.4,4.8
3450,1474,11.4,1.6
3452,1474,11.4,1.6
3453,1466,11.4,4.8
3453,1493,250.7,4.8
3455,1466,11.4,4.8
3456,1474,11.4,1.6
3456,1466,11.4,4.8
3458,1474,11.4,1.6
3460,1474,11.4,1.6
3460,1466,11.4,4.8
3462,1506,492.81,4.8
3462,1493,137.75,4.8
3463,1506,488.27,4.8
3463,1493,124.71,4.8
3463,1474,11.4,1.6
3464,1474,11.4,1.6
3466,1466,4.59,4.8
3467,1493,73.84,4.8
3468,1493,61.37,4.8
3469,1493,48.4,4.8
3469,1474,-19.73,1.6
3470,1510,494.9,4.8
3472,1510,488.2,4.8
3472,1466,-51.9,4.8
3473,1506,364.52,4.8
3473,1510,481.61,4.8
3474,1493,-14.61,4.8
3474,1510,472.51,4.8
3474,1466,-71.63,4.8
3475,1466,-81.46,4.8
3477,1506,308.97,4.8
3477,1474,-111.3,1.6
3477,1466,-100.66,4.8
3479,1474,-134.39,4.8
3479,1493,-78.21,4.8
3480,1506,267.6,4.8
3480,1466,-128.43,4.8
3481,1493,-102.52,4.8
3482,1506,240.42,4.8
3482,1466,-147.9,4.8
3483,1466,-158.32,4.8
3483,1506,226.73,4.8
3484,1466,-167.77,4.8
3484,1493,-141.04,4.8
3485,1493,-152.73,4.8
3485,1474,-203,4.8
3486,1466,-187.22,4.8
3487,1466,-196.95,4.8
3487,1510,300.94,4.8
3488,1474,-237.8,4.8
3488,1510,287.78,4.8
3488,1493,-189.26,1.6
3489,1466,-216.03,4.8
3489,1510,274.51,4.8
3490,1474,-260.78,4.8
3491,1506,114.98,4.8
3491,1493,-227.96,1.6
3492,1510,233.11,4.8
3493,1466,-255.37,4.8
3494,1506,74.35,4.8
3497,1510,165.32,4.8
3500,1474,-373.96,4.8
3500,1493,-340.53,1.6
3503,1466,-353.29,4.8
3504,1493,-390.59,1.6
3505,1466,-372.85,4.8
3506,1474,-444.12,4.8
3506,1506,11.4,4.8
3507,1493,-428.11,1.6
3508,1493,-440.64,1.6
3508,1466,-401.16,4.8
3508,1506,11.4,4.8
3511,1526,475.16,4.8
3512,1466,-440.4,4.8
3513,1466,-449.64,4.8
3516,1466,-478.43,4.8
3517,1506,11.4,4.8
3517,1526,403.19,4.8
3518,1510,18.9,4.8
3518,1506,11.4,4.8
3519,1506,11.4,4.8
3521,1526,354.95,4.8
3521,1510,18.9,4.8
3521,1506,11.4,4.8
3525,1506,11.4,4.8
3525,1534,494.9,4.8
3526,1534,493.42,4.8
3527,1510,18.9,4.8
3527,1526,281.49,4.8
3527,1534,489.68,4.8
3528,1506,11.4,4.8
3528,1534,483.55,4.8
3529,1506,11.4,4.8
3531,1506,11.4,4.8
3531,1534,455.02,4.8
3531,1526,232.32,4.8
3532,1506,11.4,4.8
3533,1526,208.32,4.8
3534,1510,18.9,4.8
3535,1534,403.02,4.8
3535,1526,184.47,4.8
3537,1510,18.9,4.8
3541,1534,328.44,4.8
3544,1506,11.4,4.8
3544,1526,74.77,4.8
3545,1510,18.9,4.8
3547,1510,18.9,4.8
3547,1506,11.4,4.8
3548,1510,18.9,4.8
3550,1534,213.22,4.8
3550,1526,26.51,4.8
3553,1510,18.9,4.8
3554,1534,162.91,4.8
3555,1534,150.26,4.8
3555,1526,26.4,4.8
3556,1534,137.69,4.8
3557,1526,26.4,4.8
3558,1526,26.4,4.8
3559,1510,18.9,4.8
3560,1506,11.4,4.8
3561,1534,74.46,4.8
3563,1534,50.98,1.6
3564,1510,18.9,4.8
3565,1510,18.9,4.8
3566,1526,26.4,4.8
3568,1510,18.9,4.8
3569,1506,11.4,4.8
3570,1506,8.94,4.8
3572,1506,-2.41,4.8
3573,1526,21.72,4.8
3574,1510,0.44,4.8
3575,1506,-32.62,4.8
3576,1510,-18.87,4.8
3577,1506,-60.02,4.8
3580,1534,-47.85,1.6
3582,1534,-72.9,1.6
3584,1526,-94.12,4.8
3584,1506,-158.9,4.8
3584,1510,-124.23,4.8
3585,1510,-137,4.8
3586,1506,-187.87,4.8
3586,1526,-119.3,4.8
3587,1506,-201.93,4.8
3588,1526,-143.86,4.8
3588,1506,-215.56,4.8
3589,1526,-155.54,4.8
3590,1534,-175.01,1.6
3590,1526,-168.02,4.8
3593,1526,-204.45,4.8
3593,1534,-213.36,1.6
3594,1510,-258.43,4.8
3595,1534,-239.19,1.6
3596,1526,-241.19,4.8
3599,1506,-372.16,4.8
