time,vehicle_id,speed
149,65,0
150,65,2.47167959088555
151,65,4.27169755483695
152,65,6.8239651230058
153,65,9.38618665912843
154,65,11.1454116119594
155,65,11.8588532329227
156,65,11.8887047233918
157,65,12.1603495015563
158,65,11.637955146846
159,65,11.628004987959
160,65,11.5971591348916
161,65,12.180250407935
162,65,11.8389526563797
163,65,11.4668086231523
164,65,12.1902009827566
165,65,12.3314962595785
166,65,12.3812479177182
167,65,12.2309975063361
168,65,11.9553335377981
169,65,12.2508979262746
170,65,11.6777566338745
171,65,11.4469078794231
172,65,11.8887047233918
173,65,11.4270074822764
174,65,11.7384539016005
175,65,12.4817466726416
176,65,11.4469078794232
177,65,12.2707986700133
178,65,11.4469078794231
179,65,11.7882059703756
180,65,11.6578557205003
181,65,11.547406635258
182,65,11.3563594518666
183,65,11.9902001651349
184,65,11.7374613950377
185,65,11.2558606956554
186,65,11.8688036465349
186,81,0
187,65,11.8290024938707
187,81,2.44182308941496
188,65,12.120548667449
188,81,4.15030119388942
189,65,12.1503991703977
189,81,5.52743159161649
190,65,8.97424091497437
190,81,8.02000000000002
191,65,4.47269493705976
191,81,9.86877905315546
192,65,1.58710428138796
192,81,12.120548667449
193,65,0.070710678118655
193,81,14.2001760552466
194,65,0
194,81,15.0947143066704
195,65,0
195,81,15.417107381088
196,65,0
196,81,14.823069857489
197,65,0
197,81,14.5623693127183
198,65,0
198,81,15.0982912940505
199,65,0
199,81,15.2559103300983
200,65,0
200,81,14.8131191853708
201,65,0
201,81,15.2360099763685
202,65,0
202,81,15.0141166906348
202,88,0
203,65,0
203,81,15.4370074820219
203,88,2.3313729860321
204,65,0
204,81,14.4111241754417
204,88,3.82890323722081
205,65,0
205,81,14.6728184068365
205,88,5.74833019232539
206,65,0
206,81,14.7733171630477
206,88,7.71850374101095
207,65,0
207,81,14.5932176027085
207,88,9.45683350810404
208,65,0
208,81,15.376309700315
208,88,10.8339651097832
209,65,0
209,81,15.2658606046302
209,88,12.984240447558
210,65,0.553263047744919
210,81,14.4111241754417
210,88,13.6280299383293
211,65,2.37118114027588
211,81,14.8539153087662
211,88,13.6976822857007
212,65,4.63289326447308
212,81,14.8439651037046
212,88,13.5066354063475
213,65,5.5980800280096
213,81,14.682768812455
213,88,13.2757862290713
214,65,7.08566157814498
214,81,15.3056623509079
214,88,14.3315212032778
215,65,7.26154942143893
215,81,15.0648630926404
215,88,13.5971835318937
216,65,7.04912051251786
216,81,15.376309700315
216,88,13.6777812528202
217,65,7.34429029927331
217,81,15.3156129488832
217,88,14.3037093091268
218,65,7.54578690396171
218,81,14.5126186472325
218,88,14.3315212032778
219,65,9.1045922478714
219,81,14.9136179379787
219,88,13.466833332302
220,65,10.4518706459657
220,81,14.4917217748617
220,88,13.8986797934192
221,65,11.7892026872049
221,81,14.9643643366499
221,88,13.8290274423042
222,65,11.4260141781813
222,81,7.97025093707845
222,88,14.2708233819917
223,65,12.4827440893419
223,81,3.45676149018124
223,88,14.1902255091313
224,65,11.8787541434277
224,81,0
224,88,13.5175811445687
225,65,11.2359601280887
225,81,0
225,88,14.1096279185526
226,65,12.1702999141352
226,81,0
226,88,13.3762849850024
227,65,11.346409123595
227,81,0
227,88,13.5474314908768
228,65,12.3205519356886
228,81,0
228,88,13.3961860243877
229,65,11.7769987687866
229,81,0
229,88,13.1862352474086
230,65,12.0906989045299
230,81,0
230,88,14.4310256045785
231,65,11.8688036465349
231,81,0
231,88,14.3514215323779
232,65,11.4568582080778
232,81,0
232,88,13.2459352255702
233,65,11.8489029028007
233,81,0
233,88,13.2857367127307
234,65,12.0797516530763
234,81,0
234,88,13.9394763172796
235,65,11.4568582080778
235,81,0
235,88,13.8489277563283
236,65,11.3563594518666
236,81,0
236,88,13.4867342229318
237,65,11.697657885235
237,81,0
237,88,14.4310256045785
238,65,11.5673073789884
238,81,0
238,88,13.5772824968769
239,65,12.0200499167017
239,81,0
239,88,13.1653370636684
240,65,12.1304987531428
240,81,0
240,88,8.66379247212213
241,65,11.667806134831
241,81,0
241,88,4.35129865672307
242,65,11.8787541434277
242,81,0
242,88,0.0300000000000011
243,65,12.2409476757317
243,81,0
243,88,0.0100000000000016
244,65,11.9693024023959
244,81,0
244,88,0
245,65,11.607109890063
245,81,0
245,88,0
246,65,12.1404489208596
246,81,0
246,88,0
247,65,11.628004987959
247,81,0
247,88,0
248,65,11.3265087295247
248,81,0
248,88,0
249,65,11.9494016586606
249,81,0
249,88,0
250,65,11.4160632443939
250,81,0
250,88,0
251,65,11.909601168805
251,81,0
251,88,0
252,65,11.9792528982404
252,81,0
252,88,0
253,65,11.8489029028007
253,81,0
253,88,0
254,65,12.4916972425688
254,81,0
254,88,0
255,65,11.8588532329227
255,81,0
255,88,0
256,65,12.4120949077905
256,81,0
256,88,0
257,65,11.8887047233919
257,81,0
257,88,0
258,65,11.4061123964302
258,81,0
258,88,0
259,65,11.6588550038158
259,81,0
259,88,0
260,81,0
260,88,0
261,81,0
261,88,0
262,81,0
262,88,0
263,81,0
263,88,0
264,81,0
264,88,0
265,81,0
265,88,0
266,81,0
266,88,0
267,81,0
267,88,0
268,81,0
268,88,0
269,81,0
269,88,0
270,81,0
270,88,0
271,81,0
271,88,0
272,81,0
272,88,0
273,81,0
273,88,0
274,81,0
274,88,0
275,81,0
275,88,0
276,81,0
276,88,0
277,81,0
277,88,0
278,81,0
278,88,0
279,81,0
279,88,0
280,81,0
280,88,0
281,81,0
281,88,0
282,81,0
282,88,0
283,81,0
283,88,0
284,81,0
284,88,0
285,81,0
285,88,0
286,81,0
286,88,0
287,81,0
287,88,0
288,81,0
288,88,0
289,81,0
289,88,0
290,81,0
290,88,0
291,81,0
291,88,0
292,81,0
292,88,0
293,81,0
293,88,0
294,81,0
294,88,0
295,81,1.93093241725338
295,88,0
296,81,3.55316760088797
296,88,0.975141015443406
297,81,5.93016020019696
297,88,2.64282046306593
298,81,8.19746912162528
298,88,4.20104748842476
299,81,9.68386802884054
299,88,5.86191948085267
300,81,12.0797516530763
300,88,7.9366050676596
301,81,14.0001749989063
301,88,9.25859600587476
302,81,14.3912230196047
302,88,11.0250124716483
303,81,15.0748134316813
303,88,13.5175811445687
304,81,14.5424688412938
304,88,14.3205761057298
305,81,14.9743146754701
305,88,13.7882304883549
306,81,15.4459638740999
306,88,13.4071324301657
307,81,14.7932180407104
307,88,14.2807737885592
308,81,14.5325187080561
308,88,13.7981810395428
309,81,15.446957629255
309,88,13.9593767769195
310,81,15.416111701723
310,88,13.2658358198796
311,81,14.8837663244221
311,88,14.2608730448034
312,81,14.6827688124549
312,88,14.0499252667051
313,81,14.3713221382029
313,88,13.9593767769195
314,81,15.0748134316813
314,88,14.1902255091313
315,81,14.2807737885592
315,88,13.6976822857008
316,81,15.5076561736453
316,88,14.2620124807125
317,81,14.9335193440796
317,88,14.2807737885592
318,81,15.8139495383032
318,88,13.4061366545325
319,81,15.5166104546064
319,88,14.4320199556403
320,81,14.8141148908735
320,88,13.2757862290714
321,81,14.4817713005005
321,88,13.8489277563283
322,81,15.2658606046302
322,88,13.3255393887077
323,81,15.2350155890961
323,88,14.3713221382029
324,81,15.4668581166312
324,88,13.9693271133581
325,81,15.0748134316813
325,88,13.2767842492073
326,81,15.1852625923953
326,88,14.1802750325937
327,81,14.3315212032778
327,88,14.2907242643611
328,81,14.5424688412938
328,88,13.2658358198796
329,81,15.2758109441037
329,88,14.1802750325936
330,81,15.4867588603942
330,88,14.1205736427385
331,81,14.5016723173571
331,88,14.4210748559184
332,88,13.8887292435269
333,88,14.2807737885592
334,88,13.9295261943829
335,88,13.1752874731446
336,88,13.969327113358
348,152,0
349,152,2.52241947344216
350,152,5.00503746239722
351,152,6.33142164130617
352,152,8.51155097499865
353,152,10.2110724216411
354,152,12.6429426954329
355,152,11.5165619869821
356,152,11.7683048906799
357,152,12.2110974117808
358,152,12.3414464306255
359,152,12.4618457701899
360,152,12.6021466425368
361,152,12.180250407935
362,152,12.2110974117808
363,152,12.2906997359793
364,152,11.697657885235
365,152,12.6528929498357
366,152,11.9593519891338
367,152,11.6986537687035
368,152,12.1014792484225
369,152,12.3911984892504
370,152,11.7792529474496
371,152,11.7484041469469
372,152,11.9593519891339
373,152,12.722546914828
374,152,12.4817466726416
375,152,12.6936913464918
376,152,12.351396682157
377,152,12.4618457701899
378,152,12.6120973672106
379,152,12.6429426954329
380,152,12.5016478913782
381,152,12.1812478835298
382,152,11.6578557205002
383,152,12.0797516530763
384,152,11.7484041469469
385,152,11.9792528982404
386,152,11.6877072174144
387,152,11.5981550256927
388,152,12.1503991703977
389,152,11.5772578791353
390,152,11.8180582161369
391,152,8.13301911961358
392,152,7.96718896474786
393,152,7.83505583898417
394,152,8.26027844566998
395,152,10.3016212316315
396,152,11.928507869805
397,152,12.1702999141352
398,152,12.5623445264011
399,152,12.2608482577675
400,152,11.7792529474496
401,152,12.5115986188816
402,152,12.5324937662063
403,152,11.9086061317016
404,152,12.5842798760994
405,152,12.1702999141352
406,152,11.8280091308724
407,152,11.5882052104716
408,152,12.7125961156642
409,152,12.6827441825497
410,152,11.9802504147451
411,152,12.3305028283521
412,152,12.3215461692111
413,152,12.5016478913782
414,152,11.6787542143843
415,152,12.3305028283522
416,152,12.4021449757693
417,152,12.7633420388235
418,152,11.8986553862191
419,152,11.9295012469089
420,152,11.5066111431646
421,152,12.2011474870194
421,184,0
422,152,12.4618457701899
422,184,2.41197014906905
423,152,11.7484041469469
423,184,4.42194527329317
424,152,12.0399501660098
424,184,6.31152121124538
425,152,12.0797516530764
425,184,8.42100350314616
426,152,11.9693024023959
426,184,10.5324688463816
427,152,12.7026453937753
427,184,12.733491273017
428,152,12.4618457701899
428,184,15.1146154433383
429,152,11.9096011688049
429,184,14.8638655806624
430,152,11.9593519891339
430,184,14.8837663244221
431,152,12.7533917057385
431,184,14.2001760552467
432,152,11.9892034764617
432,184,14.9643643366499
433,152,11.6877072174144
433,184,14.8141148908735
434,184,14.1802750325936
435,184,15.354400020841
436,184,14.8947138273953
437,184,15.3156129488832
438,184,14.7235661441106
439,184,15.3355143376412
440,184,14.4121198995845
441,184,14.9842650804102
442,184,14.7534165534631
443,184,15.4260623621195
444,184,14.6121216803036
445,184,14.834014965612
446,184,15.4668581166312
447,184,15.3265586483072
448,184,15.4559147254376
449,184,15.446957629255
450,184,15.4569078408329
451,184,15.2459601206352
452,184,14.8638655806624
453,184,15.2957118173689
454,184,13.4966847781224
455,184,9.27573716747085
456,184,4.78414046616526
457,184,0.774144689318472
458,184,0.351283361405007
459,184,0.070710678118655
460,184,0.0200000000000031
461,184,0
462,184,0
463,184,0
464,184,0
465,184,0
466,184,0
467,184,0
468,184,0
469,184,0
470,184,0
471,184,0
472,184,0
473,184,0
474,184,0.823893196961839
475,184,3.17616120497685
476,184,4.8438414507496
477,184,6.83391542236221
478,184,7.957342521219
479,184,8.44871587875933
480,184,7.97677253029068
481,184,9.3354217901496
482,184,11.628004987959
483,184,13.0648383074572
484,184,12.3305028283521
485,184,12.4817466726416
485,212,0
486,184,12.3115961597187
486,212,2.21097263664664
487,184,12.4210506801961
487,212,4.14035022673204
488,184,13.9593767769195
488,212,5.76823196482245
489,184,12.3115961597187
489,212,7.56825607389182
490,184,11.4668086231523
490,212,9.64788059627602
491,184,13.004141647952
491,212,11.9991541368549
492,184,15.0847638364013
492,212,13.8489277563283
493,184,14.3016712310135
493,212,13.4767837409376
494,184,15.1653618486339
494,212,14.4817713005005
495,184,15.2449663823834
495,212,14.4519202876296
496,184,14.32157114286
496,212,14.2499298243886
497,184,14.6220723565437
497,212,13.4071324301657
498,184,14.32157114286
498,212,14.0499252667051
499,184,14.883766324422
499,212,14.0596052576166
500,184,15.0947143066704
500,212,13.6379800557121
501,184,15.1454613663632
501,212,13.7782800087675
502,184,15.3454651281738
502,212,13.6479302460116
503,184,15.0549128194088
503,212,13.6578805090687
504,184,14.9643643366499
504,212,14.1902255091313
505,184,14.9245636452126
505,212,14.5524190428946
506,184,14.5822700564761
506,212,14.0499252667051
507,184,15.4161117017229
507,212,13.5971835318937
508,184,14.4011735632899
508,212,13.8489277563283
509,184,15.1753121878925
509,212,13.8688283571468
510,184,14.8837663244221
510,212,13.6678308447244
511,184,15.0549128194088
511,212,14.1295293622965
512,184,14.3514215323779
512,212,13.3265336828449
513,184,14.732521847939
513,212,13.8081316621765
514,184,15.4668581166312
514,212,14.0698258695692
515,184,14.3116211520568
515,212,14.2409725791464
516,212,13.5175811445687
517,212,14.1902255091313
518,212,13.717583606452
519,212,13.5882302011704
520,212,13.8280331211637
521,212,12.6827441825498
522,212,8.83394023072378
523,212,4.87468973371639
524,212,0.482597140480547
525,212,0.210950231097287
526,212,0.0100000000000016
527,212,0
528,212,0
529,212,0
530,212,1.37615406114287
531,212,2.23188261340062
532,212,1.97914122790669
533,212,0.97514101544341
534,212,0.583095189484528
535,212,0.311448230047947
536,212,0.0300000000000011
537,212,0
538,212,0.0100000000000016
539,212,0
540,212,0
541,212,0
542,212,0
543,212,0
544,212,0
545,212,0
546,212,0
547,212,0
548,212,0
549,212,0
550,212,0
551,212,0
552,212,0
553,212,0
554,212,0
555,212,0
556,212,0
557,212,0
558,212,0
559,212,0
560,212,1.30648383074571
561,212,2.32243406795543
562,212,4.36124982086557
563,212,6.0160618347886
564,212,7.26471609906402
565,212,8.87437885150279
566,212,11.4469078794232
567,212,13.2857367127307
568,212,14.5424688412938
569,212,13.7285286902858
570,212,14.2907242643611
571,212,14.1603742888386
572,212,13.8180823561014
573,212,13.8081316621765
574,212,13.6180798940233
575,212,14.2409725791464
576,212,14.4917217748617
577,212,13.6379800557121
578,212,14.1295293622965
579,212,14.3514215323779
580,212,13.8588780209655
581,212,14.8185964247631
582,212,14.4320199556403
583,212,14.2807737885592
584,212,13.3762849850024
585,212,13.5175811445688
586,212,14.0489323437761
587,212,13.5981800252828
588,212,14.5822700564761
589,212,14.1295293622965
590,212,13.4170823952154
591,212,14.5524190428946
592,212,14.1504240219154
593,212,13.516586107446
594,212,14.2210723927557
595,212,14.3812725445282
596,212,13.7583792650152
597,212,13.4867342229318
598,212,14.5315243522488
599,212,13.8688283571468
600,212,13.6787791852928
620,271,0
621,271,1.33633828052635
622,271,3.42690822754269
623,271,5.8587797364298
623,272,0
624,271,8.23094769756193
624,272,2.12042448580468
625,271,10.5832178471389
625,272,3.84880500935029
626,271,12.7931935027967
626,272,5.33638454386488
627,271,14.4718208944141
627,272,7.6379054720519
628,271,14.5922205301318
628,272,9.24588557143121
629,271,14.4111241754417
629,272,11.2260099768351
630,271,14.1404738251588
630,272,13.5374813019261
631,271,14.6728184068365
631,272,14.350428565029
632,271,14.2310224509695
632,272,14.1603742888385
633,271,14.6021710714538
633,272,14.039975071203
634,271,14.2101266707936
634,272,14.4817713005005
635,271,15.5399935649922
635,272,14.1802750325937
636,271,14.8738159192589
636,272,14.2807737885593
637,271,14.9842650804102
637,272,13.6479302460116
638,271,14.2409725791464
638,272,14.4996724100926
639,271,14.6121216803037
639,272,13.5971835318937
640,271,14.1902255091313
640,272,14.1404738251588
641,271,15.1753121878925
641,272,14.3812725445282
642,271,14.5723196506253
642,272,14.5016723173571
643,271,14.8847640223149
643,272,14.5424688412937
644,271,14.551426046955
644,272,14.3613718007717
645,271,15.336508729173
645,272,14.6927192854148
646,271,15.3056623509079
646,272,14.2917213798758
647,271,14.1106236573725
647,272,14.7225711069772
648,271,14.2399789325687
648,272,14.4917217748617
649,271,14.633017460524
649,272,14.6728184068365
650,271,15.2360099763685
650,272,14.4519202876296
650,284,0
651,271,15.3156129488832
651,272,14.1504240219154
651,284,2.19009132229686
652,271,14.9842650804102
652,272,14.0190798556824
652,284,3.62891168258475
653,271,14.9743146754701
653,272,14.2011724868054
653,284,5.2050456290027
654,271,14.3315212032778
654,272,14.4409764212812
654,284,6.61301746557498
655,271,14.1504240219154
655,272,14.0101249102212
655,284,8.61304243574823
656,271,13.9792775206732
656,272,14.2200773556265
656,284,10.6329676008159
657,271,9.83658985624592
657,272,14.6937163440703
657,284,12.8031441450918
658,271,8.98287815791799
658,272,14.0897267539154
658,284,14.3613718007717
659,271,8.94301962426562
659,272,13.9285318680757
659,284,14.3205761057298
660,271,11.346409123595
660,272,13.3464339806557
660,284,14.834014965612
661,271,13.2160848968217
661,272,9.5664047583196
661,284,14.8638655806624
662,271,14.1096279185526
662,272,8.24971514659749
662,284,14.0897267539154
663,271,15.0549128194088
663,272,8.80531657579669
663,284,14.2708233819917
664,271,14.7932180407104
664,272,11.3364588827376
664,284,14.2608730448034
665,271,15.3862601043918
665,272,13.6578805090687
665,284,15.6095900010218
666,271,14.633017460524
666,272,14.4519202876296
666,284,14.5623693127183
667,271,14.1404738251588
667,272,14.6121216803036
667,284,14.3713221382028
668,271,14.11957860561
668,272,14.2011724868055
668,284,14.9842650804102
669,271,14.9842650804102
669,272,13.6976822857007
669,284,14.6230673936763
670,271,14.6021710714537
670,272,14.7932180407104
670,284,14.9235686080776
671,271,14.4220698930493
671,272,14.0190798556824
671,284,14.6131173949983
672,271,15.0847638364013
672,272,13.5981800252828
672,284,15.0947143066704
673,271,15.2857613483922
673,272,14.4111241754417
673,284,15.0549128194088
674,271,15.1554115747478
674,272,14.2708233819917
674,284,15.1444676367312
675,271,14.1096279185526
675,272,14.2708233819917
675,284,14.4927188615525
676,271,15.1355112236092
676,272,13.7484290011623
676,284,15.3056623509079
677,271,14.11957860561
677,272,14.4718208944141
677,284,14.9643643366499
678,271,14.8638655806624
678,272,13.7981810395428
678,284,14.9842650804102
679,271,14.4419700872146
679,272,13.7484290011623
679,284,14.3713221382029
680,271,14.6021710714537
680,272,14.5723196506253
680,284,14.8439651037046
681,271,14.8439651037046
681,272,14.3006748092529
681,284,14.0499252667052
682,271,14.1404738251588
682,272,13.5772824968769
682,284,14.1902255091313
683,271,14.8330205959541
683,272,15.0560585811825
683,284,14.6429675954022
684,271,14.4111241754417
684,272,14.3016712310135
684,284,15.2250648602888
685,271,15.2260598974259
685,272,13.969327113358
685,284,15.0449626121171
686,271,14.6121216803036
686,272,13.9693271133581
686,284,11.7882059703756
687,271,15.3872577153956
687,272,13.6369864706247
687,284,8.37124841346857
688,271,14.11957860561
688,272,14.5325187080561
688,284,3.85975387816374
689,271,14.5215736061902
689,272,14.5623693127183
689,284,0.281602556806574
690,271,14.8141148908735
690,272,14.0300249465209
690,284,0.180277563773199
691,271,15.3355143376412
691,272,14.0797762766317
691,284,0.0608276253029827
692,271,15.1554115747479
692,272,14.11957860561
692,284,0
693,272,14.039975071203
693,284,0
694,272,14.7633668246779
694,284,0
695,272,14.3514215323779
695,284,0
696,272,14.6121216803037
696,284,0
697,272,14.7733171630477
697,284,0
698,284,0
699,284,0
700,284,0
701,284,0
702,284,0
703,284,0
704,284,0
705,284,0
706,284,0
707,284,0
708,284,0
709,284,0
710,284,0
711,284,0
712,284,0
713,284,0
714,284,0
715,284,0
716,284,0
717,284,0
718,284,0
719,284,0
720,284,0
721,284,0
722,284,0
723,284,0
724,284,0
725,284,0
726,284,0
727,284,0
728,284,0
729,284,0
730,284,0
731,284,0
732,284,0
733,284,0
734,284,0
735,284,2.54017715917611
736,284,4.44491844694591
737,284,6.73268148659953
738,284,9.26736747949492
739,284,11.7076086371214
740,284,13.1653370636684
741,284,14.6628680686965
742,284,15.1554115747478
743,284,15.2350155890961
744,284,14.2210723927558
745,284,14.0698258695692
746,284,14.1504240219154
747,284,14.6429675954022
748,284,14.9235686080776
749,284,14.0598755328772
750,284,14.4718208944141
751,284,14.7733171630477
752,284,14.5215736061902
753,284,14.633017460524
754,284,14.4817713005005
755,284,14.5623693127183
756,284,15.0240673587415
757,284,14.7036662094867
758,284,14.8638655806624
759,284,14.2598807849154
760,284,15.1852625923953
761,284,14.9245636452126
762,284,14.3912230196047
763,284,14.2509227771397
764,284,14.3315212032778
765,284,14.2698318140054
766,284,15.0549128194088
767,284,14.6131173949982
768,284,15.0539197553328
769,284,14.2708233819917
770,284,14.0200748928099
771,284,15.0748134316813
1221,534,0
1222,534,2.34132441152442
1223,534,4.80403996652814
1224,534,7.23591044720703
1225,534,8.63294271960613
1226,534,10.3613223094352
1227,534,12.8837416925364
1228,534,14.2608730448034
1229,534,15.3862601043918
1230,534,15.2051635966207
1231,534,15.446957629255
1232,534,14.5016723173571
1233,534,14.4419700872146
1234,534,15.6482970319457
1235,534,15.3454651281738
1236,534,14.6937163440703
1237,534,14.4210748559184
1238,534,14.7932180407104
1239,534,15.2758109441037
1240,534,15.0151123871918
1241,534,14.4409764212812
1242,534,14.7136161428794
1243,534,14.7434663495394
1244,534,15.1544184975868
1245,534,14.6131173949982
1246,534,14.7932180407104
1247,534,15.4867588603943
1248,534,15.5275561502769
1249,534,14.8937167960184
1250,534,15.376309700315
1251,534,14.9036673339148
1252,534,14.7026698255793
1253,534,14.6937163440703
1254,534,14.5116229278465
1255,534,10.7832184434889
1256,534,7.11551122548479
1257,534,3.92940199012522
1258,534,0.131529464379658
1259,534,0.0899999999999999
1260,534,0.0223606797749975
1261,534,0
1262,534,0.0100000000000016
1263,534,0
1264,534,0
1265,534,1.40698258695692
1266,534,3.89955125623449
1267,534,5.11548629164423
1268,534,6.32142389023233
1269,534,8.13926900894669
1270,534,9.24515548814621
1271,534,9.44852369420747
1272,534,11.6578557205002
1273,534,13.9583845770204
1274,534,14.633017460524
1275,534,13.7583792650152
1276,534,14.5723196506253
1277,534,13.2956872706904
1278,534,13.7782800087674
1279,534,15.0151123871918
1280,534,14.9036673339148
1281,534,14.5623693127183
1282,534,14.2409725791464
1283,534,15.2648681618938
1284,534,14.3514215323779
1285,534,14.32157114286
1286,534,15.1852625923953
1287,534,15.0439688912202
1288,534,14.8738159192589
1289,534,14.9952125693503
1290,534,14.7424726555622
1291,534,15.0350124708961
1292,534,14.6529177981725
1293,534,14.8031685797332
1294,534,14.4618705567433
1295,534,15.3056623509079
1296,534,14.9036673339148
1297,534,14.93451371823
1298,534,14.6429675954022
1299,534,14.3613718007716
1300,534,14.3106254230904
1301,534,15.4967093281122
1302,534,14.7136161428793
1303,534,15.2549172400246
1304,534,14.5932176027084
1617,707,0
1618,707,1.43683680353756
1619,707,3.37715856897483
1620,707,5.33638454386488
1621,707,6.69262280425248
1622,707,9.05483848558327
1623,707,10.4628198875829
1624,707,11.5563662108813
1625,707,12.4518954380448
1626,707,11.8389526563797
1627,707,11.557356964289
1628,707,12.3712974258968
1629,707,11.8190524154858
1630,707,12.2906997359793
1631,707,11.6180549146576
1632,707,12.0698011582627
1633,707,11.9494016586606
1634,707,11.4966603846508
1635,707,12.4518954380447
1636,707,12.7026453937753
1637,707,12.9842404475579
1638,707,12.733491273017
1639,707,12.5523941939377
1640,707,11.4459163023324
1641,707,11.9593519891339
1642,707,12.1006487429394
1643,707,12.5722949376794
1644,707,12.7125961156642
1644,719,0
1645,707,11.8698020202529
1645,719,1.49753130184315
1646,707,12.5921959959334
1646,719,3.29557278784739
1647,707,12.6329925195893
1647,719,5.56823131703413
1648,707,12.0598507453451
1648,719,7.88865641285006
1649,707,11.7882059703757
1649,719,10.2508731335433
1650,707,12.733491273017
1650,719,12.5822454275857
1651,707,12.2807491628158
1651,719,13.7484290011622
1652,707,11.939451411183
1652,719,13.0747887172222
1653,707,11.6777566338745
1653,719,13.0747887172222
1654,707,12.4717961817855
1654,719,12.9444389604185
1655,707,11.628004987959
1655,719,12.7235411737456
1656,707,12.2200531913736
1656,719,13.3255393887077
1657,707,12.1702999141352
1657,719,12.5523941939376
1658,707,11.939451411183
1658,719,12.6031424652743
1659,707,11.899651255394
1659,719,13.244942430981
1660,707,8.47174716336601
1660,719,13.2359850407894
1661,707,3.96920646981232
1661,719,13.3364837944639
1662,707,0.442831796509692
1662,719,13.3657360440793
1663,707,0.00999999999999979
1663,719,13.7384788095334
1664,707,0
1664,719,12.7434414504089
1665,707,0
1665,719,12.6628432826123
1666,707,0
1666,719,13.1354862871536
1667,707,0
1667,719,13.2757862290713
1668,707,0
1668,719,13.6469373853623
1669,707,0
1669,719,13.7683296009356
1670,707,0
1670,719,12.6737918556366
1671,707,0
1671,719,12.6120973672106
1672,707,0
1672,719,13.6578805090688
1673,707,0
1673,719,12.8031441450918
1674,707,0
1674,719,13.0548879734757
1675,707,0
1675,719,12.9444389604185
1676,707,0
1676,719,12.733491273017
1677,707,0
1677,719,13.1046403994921
1678,707,0
1678,719,12.9742899613042
1679,707,0
1679,719,13.7583792650152
1680,707,0
1680,719,13.3464339806557
1681,707,0
1681,719,13.7583792650152
1682,707,0
1682,719,12.7036412102987
1683,707,0
1683,719,10.3205280872638
1684,707,0
1684,719,5.80902745732881
1685,707,0
1685,719,1.31643457870112
1686,707,0
1686,719,0.0199999999999996
1687,707,0
1687,719,0.0100000000000016
1688,707,0
1688,719,0
1689,707,0
1689,719,0
1690,707,0
1690,719,0
1691,707,0
1691,719,0
1692,707,0
1692,719,0
1693,707,0
1693,719,0
1694,707,0
1694,719,0
1695,707,0
1695,719,0
1696,707,0
1696,719,0
1697,707,0
1697,719,0
1698,707,0
1698,719,0
1699,707,0
1699,719,0
1700,707,0
1700,719,0
1701,707,0
1701,719,0
1701,744,0
1702,707,0
1702,719,0
1702,744,2.00002499984376
1703,707,1.96091815229499
1703,719,0
1703,744,3.30552567680243
1704,707,4.49752153969272
1704,719,1.61895027718581
1704,744,5.64883173762505
1705,707,6.14117252648059
1705,719,3.81797066515708
1705,744,7.69761001870058
1706,707,8.19127584689955
1706,719,6.34227877028439
1706,744,9.09563631638822
1707,707,10.7832184434889
1707,719,7.62341786864658
1707,744,11.1454116119595
1708,707,11.5872084645095
1708,719,8.65056067547069
1708,744,13.4061366545325
1709,707,12.6429426954329
1709,719,10.9245137191547
1709,744,14.8738159192589
1710,707,11.728503740887
1710,719,12.3911984892503
1710,744,15.2857613483921
1711,707,12.239955065277
1711,719,12.5523941939377
1711,744,14.3912230196047
1712,707,12.5125936559932
1712,719,12.2001516384019
1712,744,15.5574065962165
1713,707,12.4419451855407
1713,719,13.3066336839939
1713,744,15.2051635966207
1714,707,12.4210506801961
1714,719,12.5921959959334
1714,744,15.4913653368579
1715,707,12.4419451855407
1715,719,12.9643395512459
1715,744,15.446957629255
1716,707,11.5076061802618
1716,719,12.8538904616462
1716,744,14.6021710714538
1717,707,12.0190557033404
1717,719,11.226009976835
1717,744,14.7036662094867
1718,707,12.6329925195893
1718,719,11.4160632443938
1718,744,15.1345168406527
1719,707,12.0996528875832
1719,719,12.8737912053909
1719,744,14.8847640223149
1720,707,12.2807491628158
1720,719,12.1304987531429
1720,744,15.3454651281738
1721,707,11.9593519891339
1721,719,12.3911984892503
1721,744,14.6728184068365
1722,707,11.899651255394
1722,719,11.8688036465349
1722,744,14.7136161428793
1723,707,12.4310015686589
1723,719,11.6787542143843
1723,744,15.3862601043918
1724,707,12.5125936559931
1724,719,11.938458862014
1724,744,14.783267568437
1725,707,11.5673073789884
1725,719,12.351396682157
1725,744,14.7534165534631
1726,707,11.7782553886388
1726,719,12.03
1726,744,15.4161117017229
1727,707,11.8091024214375
1727,719,12.03
1727,744,14.5822700564761
1728,707,11.9991541368548
1728,719,12.6405102745103
1728,744,14.7434663495394
1729,707,11.8290024938707
1729,719,12.6120973672106
1729,744,14.6529177981725
1730,707,12.733491273017
1730,719,13.527531186436
1730,744,14.8539153087662
1731,707,12.3404538004078
1731,719,13.326533682845
1731,744,15.1544184975868
1732,707,12.0200499167017
1732,719,12.6021466425367
1732,744,14.7036662094867
1733,707,12.2200531913736
1733,719,12.7832429375335
1733,744,15.2857613483922
1734,707,12.0399501660098
1734,719,13.2658358198796
1734,744,14.7225711069772
1735,707,12.4717961817855
1735,719,13.4976812823537
1735,744,14.733516213043
1736,707,12.2210474182862
1736,719,13.1852379576555
1736,744,13.3056379027839
1737,707,12.1404489208595
1737,719,12.832996532377
1737,744,8.93443898630463
1738,707,11.7484041469469
1738,719,13.7185786435767
1738,744,6.04982644379159
1739,707,12.0996528875832
1739,719,13.1653370636684
1739,744,1.53834326468445
1740,707,11.557356964289
1740,719,12.984240447558
1740,744,0.10049875621121
1741,707,11.5066111431646
1741,719,12.9344887800021
1741,744,0.0199999999999996
1742,707,12.5623445264011
1742,719,13.6379800557121
1742,744,0
1743,707,12.1911976442021
1743,719,12.722546914828
1743,744,0
1744,707,11.557356964289
1744,719,12.8737912053909
1744,744,0
1745,707,11.9892034764617
1745,719,13.326533682845
1745,744,0
1746,707,11.8986553862191
1746,719,13.6877317331981
1746,744,0
1747,744,0
1748,744,0
1749,744,0
1750,744,0
1751,744,0
1752,744,0
1753,744,0
1754,744,0
1755,744,0
1756,744,0
1757,744,0
1758,744,0
1759,744,0
1760,744,0
1761,744,0
1762,744,0
1763,744,0
1764,744,0
1765,744,0
1766,744,0
1767,744,0
1768,744,0
1769,744,0
1770,744,0
1771,744,0
1772,744,0
1773,744,0
1774,744,0
1775,744,0
1776,744,0
1777,744,0
1778,744,0
1779,744,0
1780,744,0
1781,744,0
1782,744,0
1783,744,0
1784,744,0
1785,744,0
1786,744,0
1787,744,0
1788,744,0
1789,744,0
1790,744,0
1791,744,2.36033895870911
1792,744,3.97407850954155
1793,744,6.28233236943096
1794,744,7.81652736194277
1795,744,9.26578652894615
1796,744,11.2857122061481
1797,744,13.7484290011623
1798,744,15.0947143066704
1799,744,14.8240648946232
1800,744,14.783267568437
1801,744,14.6529177981725
1802,744,14.551426046955
1803,744,15.1862602374647
1804,744,15.4260623621195
1805,744,14.5424688412938
1806,744,14.5623693127183
1807,744,14.732521847939
1808,744,15.195213062014
1809,744,14.4320199556403
1810,744,14.4618705567433
1811,744,14.8837663244221
1812,744,14.7434663495394
1813,744,15.2758109441037
1813,793,0
1814,744,15.4061611052202
1814,793,2.35127624918897
1815,744,14.7534165534631
1815,793,4.01000000000001
1816,744,14.2807737885592
1816,793,6.30157123263712
1817,744,14.4817713005005
1817,793,8.33144645304765
1818,744,14.823069857489
1818,793,10.1394329229992
1819,744,14.7733171630477
1819,793,11.9703007481016
1820,744,15.5275561502768
1820,793,12.9434462180673
1821,744,15.124566109479
1821,793,12.6230424224907
1822,744,15.1355112236092
1822,793,12.4419451855407
1823,744,14.9643643366499
1823,793,12.5115986188816
1824,744,14.7932180407104
1824,793,13.2956872706905
1825,744,15.4569078408328
1825,793,12.9046387008703
1826,744,15.0439688912202
1826,793,12.6827441825498
1827,744,14.4220698930493
1827,793,12.2906997359793
1828,793,12.2110974117808
1829,793,12.7832429375335
1830,793,12.8737912053909
1831,793,12.4220449202214
1832,793,13.2484036774247
1833,793,12.8837416925364
1834,793,13.0548879734757
1835,793,13.22603493115
1836,793,12.6429426954329
1837,793,12.6120973672106
1838,793,12.5324937662063
1839,793,12.2508979262747
1840,793,13.1553867293972
1841,793,12.3513966821571
1842,793,12.4916972425687
1843,793,12.8936922562934
1844,793,12.2210474182862
1845,793,12.8837416925364
1846,793,12.8240399250782
1847,793,12.8429474810107
1848,793,12.2508979262746
1849,793,12.4926938648155
1850,793,12.6528929498356
1851,793,13.154394702912
1852,793,12.2409476757316
1853,793,9.61802994380866
1854,793,5.38713281811392
1855,793,1.66769301731464
1856,793,0.151327459504218
1857,793,0.0399999999999991
1858,793,0.0199999999999996
1859,793,0.0100000000000016
1859,813,0
1860,793,0
1860,813,2.04978047605105
1861,793,0
1861,813,4.40204497932495
1862,793,0
1862,813,6.35132269688763
1863,793,0
1863,813,8.5931426148994
1864,793,0
1864,813,10.4110758329771
1865,793,0
1865,813,12.6528929498356
1866,793,0
1866,813,14.0200748928099
1867,793,0
1867,813,14.9842650804102
1868,793,0
1868,813,14.2807737885592
1869,793,0
1869,813,14.5016723173571
1870,793,0
1870,813,14.4011735632899
1871,793,0
1871,813,15.2658606046302
1872,793,0
1872,813,15.6184666340841
1873,793,0
1873,813,15.4459638740999
1874,793,0
1874,813,14.8539153087662
1875,793,0
1875,813,14.5424688412938
1876,793,0
1876,813,14.9743146754701
1877,793,0
1877,813,14.732521847939
1878,793,0
1878,813,15.4668581166312
1879,793,0
1879,813,15.3663593606293
1880,793,0.92541882410074
1880,813,14.4817713005005
1881,793,3.34631140212623
1881,813,15.1355112236092
1882,793,5.35280300403443
1882,813,14.8131191853708
1883,793,7.47439629669179
1883,813,14.3116211520568
1884,793,6.79889696936202
1884,813,15.4967093281122
1885,793,7.99476078441375
1885,813,15.215114196088
1886,793,9.84887810869848
1886,813,14.7534165534631
1887,793,11.2658111115001
1887,813,14.4320199556403
1888,793,12.4926938648155
1888,813,14.6927192854148
1889,793,11.6071098900631
1889,813,15.0151123871918
1890,793,11.015062414712
1890,813,15.2051635966207
1891,793,12.4011491403015
1891,813,15.3862601043918
1892,793,12.0698011582627
1892,813,15.4569078408328
1893,793,11.226009976835
1893,813,14.6628680686965
1894,793,13.3663345760908
1894,813,11.8688036465349
1895,793,12.9643395512459
1895,813,7.74835466405611
1896,793,13.3265336828449
1896,813,4.3114962600007
1897,793,12.3911984892503
1897,813,0.34132096331752
1898,793,12.5623445264011
1898,813,0.070710678118655
1899,793,12.7533917057385
1899,813,0.00999999999999979
1900,793,12.3106011226097
1900,813,0
1900,831,0
1901,793,12.8737912053909
1901,813,0
1901,831,2.21097263664664
1902,793,12.2608482577675
1902,813,0
1902,831,3.65775887668937
1903,793,12.2110974117808
1903,813,0
1903,831,5.07568714559912
1904,793,12.2300040883068
1904,813,0
1904,831,6.50157673183972
1905,793,12.91458865005
1905,813,0
1905,831,8.63294271960613
1906,793,12.8130948642395
1906,813,0
1906,831,10.5324688463816
1907,793,12.4827440893419
1907,813,0
1907,831,11.9593519891339
1908,793,12.9533972377905
1908,813,0
1908,831,14.4519202876296
1909,793,13.0349875335575
1909,813,0
1909,831,14.5116229278465
1910,793,13.2359850407894
1910,813,0
1910,831,13.9792775206732
1911,793,12.9036428964847
1911,813,0
1911,831,13.4966847781224
1912,793,12.3414464306255
1912,813,0
1912,831,13.9802753907067
1913,793,12.2906997359793
1913,813,0
1913,831,14.8137301176982
1914,793,12.9643395512459
1914,813,0
1914,831,13.4359889848124
1915,793,12.5424439404767
1915,813,0
1915,831,14.5325187080561
1916,793,12.9042357387022
1916,813,0
1916,831,14.2807737885593
1917,793,13.0847392025978
1917,813,0
1917,831,14.5026687199288
1918,793,12.8439402054043
1918,813,0
1918,831,14.1902255091313
1919,793,13.0747887172222
1919,813,0
1919,831,14.1295293622965
1920,793,12.6429426954329
1920,813,0
1920,831,14.5822700564761
1921,793,12.9742899613043
1921,813,0
1921,831,14.2011724868054
1922,793,12.9951875707894
1922,813,0
1922,831,13.9185811058455
1923,793,13.3961860243877
1923,813,0
1923,831,14.4927188615525
1924,813,0
1924,831,14.5315243522488
1925,813,0
1925,831,14.4718208944141
1926,813,0
1926,831,14.5922205301318
1927,813,0
1927,831,14.2708233819917
1928,813,0
1928,831,14.4519202876296
1929,813,0
1929,831,14.1902255091313
1930,813,0
1930,831,14.5126186472325
1931,813,0
1931,831,13.8787787647185
1932,813,0
1932,831,14.3106254230904
1933,813,0
1933,831,14.5932176027085
1934,813,0
1934,831,13.5066354063475
1935,813,0
1935,831,10.7832184434889
1936,813,0
1936,831,7.91950124692205
1937,813,0
1937,831,3.4169577111811
1938,813,0
1938,831,0.733348484691968
1939,813,0
1939,831,0.10049875621121
1940,813,0
1940,831,0.00999999999999801
1941,813,0
1941,831,0
1942,813,0
1942,831,0
1943,813,0
1943,831,0
1944,813,0
1944,831,0
1945,813,0
1945,831,0
1946,813,0
1946,831,0
1947,813,0
1947,831,0
1948,813,0
1948,831,0
1949,813,0
1949,831,0
1950,813,0
1950,831,0
1951,813,0
1951,831,0
1952,813,0
1952,831,0
1953,813,0
1953,831,0
1954,813,0
1954,831,0
1955,813,0
1955,831,0
1956,813,0
1956,831,0
1957,813,0
1957,831,0
1958,813,0
1958,831,0
1959,813,0
1959,831,0
1960,813,0
1960,831,0
1961,813,0
1961,831,0
1962,813,0
1962,831,0
1963,813,0
1963,831,0
1964,813,0
1964,831,0
1965,813,0
1965,831,0
1966,813,0
1966,831,0
1967,813,2.25055548698538
1967,831,0
1968,813,3.56359369176678
1968,831,0
1969,813,5.10553621082056
1969,831,0
1970,813,7.13305684822433
1970,831,0
1971,813,9.04859105054483
1971,831,0.543323108288244
1972,813,10.5523694021769
1972,831,2.70351622891374
1973,813,12.431995012869
1973,831,3.22591072412118
1974,813,13.7882304883549
1974,831,5.78912774086045
1975,813,15.4171073810881
1975,831,7.96925341547124
1976,813,14.2608730448034
1976,831,7.68765894144635
1977,813,15.1146154433383
1977,831,8.17049570099636
1978,813,14.2807737885592
1978,831,8.64738688853459
1979,813,14.9544140640815
1979,831,9.51134585639698
1980,813,14.8539153087662
1980,831,12.0001499990625
1981,813,14.8628732080981
1981,831,12.4210506801961
1982,813,15.2758109441038
1982,831,12.2508979262746
1983,813,14.3713221382029
1983,831,11.7583544767114
1984,813,14.7633668246779
1984,831,12.4618457701899
1985,813,15.1056611904279
1985,831,11.6877072174144
1986,813,15.1753121878926
1986,831,11.0857115243001
1987,813,15.0947143066704
1987,831,12.3106011226097
1988,813,14.7932180407104
1988,831,13.4867342229318
1989,813,14.7615988293951
1989,831,14.5016723173571
1990,813,14.96436433665
1990,831,14.1703246257804
1991,813,14.5623693127183
1991,831,13.9902251590173
1992,813,15.0439688912201
1992,831,14.1703246257804
1993,813,14.4927188615525
1993,831,14.5116229278465
1994,813,14.7733171630477
1994,831,13.7882304883549
1995,813,14.6220723565437
1995,831,13.6678308447244
1996,813,14.5126186472325
1996,831,14.633017460524
1997,813,15.0340180923132
1997,831,13.9892279987139
1998,813,14.6728184068365
1998,831,13.6479302460116
1999,813,14.7235661441106
1999,831,13.7981810395429
2000,813,14.2300281095998
2000,831,14.1902255091313
2001,813,15.2260598974258
2001,831,13.3971825396238
2002,813,14.6927192854148
2002,831,14.0897267539154
2003,813,14.3414713331652
2003,831,13.4260381349079
2004,813,14.4011735632899
2004,831,13.9892279987139
2005,831,13.3663345760908
2006,831,13.9802753907067
2007,831,13.9991785473291
2008,831,14.0797762766317
2009,831,14.5922205301318
2010,831,13.8190773932271
2011,831,14.3404776768419
2012,831,14.1767873652672
2013,831,14.2101266707937
2014,831,13.4767837409376
2015,831,13.6479302460117
2419,1058,0
2420,1058,2.19009132229686
2421,1058,4.03090560544401
2422,1058,6.13042412888377
2423,1058,7.87870547742461
2424,1058,10.3314713376169
2425,1058,11.8081073843356
2426,1058,13.7285286902858
2427,1058,15.0748134316813
2428,1058,15.1952130620139
2429,1058,14.763366824678
2430,1058,15.737509332801
2431,1058,15.1653618486339
2432,1058,15.005162444972
2433,1058,15.9346195436226
2434,1058,14.633017460524
2435,1058,15.35640908546
2436,1058,14.6021710714538
2437,1058,14.6230673936763
2438,1058,15.8479588591086
2439,1058,14.8937167960184
2440,1058,14.633017460524
2441,1058,15.7882551284175
2442,1058,15.7186036275491
2443,1058,15.2648681618939
2444,1058,14.9046636996612
2445,1058,15.637010583868
2446,1058,15.708653666053
2447,1058,14.6927192854148
2448,1058,15.8688531406652
2449,1058,15.8489526467839
2450,1058,15.878803481371
2451,1058,15.4559147254376
2452,1058,15.667855628643
2453,1058,14.4320199556403
2454,1058,9.93942654281422
2455,1058,5.99012520737255
2456,1058,1.49656272838796
2457,1058,0.432897216438269
2458,1058,0.0299999999999994
2459,1058,0
2460,1058,0
2461,1058,0
2462,1058,0
2463,1058,0
2464,1058,0
2465,1058,0
2466,1058,0
2467,1058,0
2468,1058,0
2469,1058,0
2470,1058,0
2471,1058,0
2472,1058,0
2473,1058,0
2474,1058,0
2475,1058,0
2476,1058,0
2477,1058,0
2478,1058,0
2479,1058,0
2480,1058,0
2481,1058,0
2482,1058,0
2483,1058,0
2484,1058,0
2485,1058,0
2486,1058,0
2487,1058,0
2488,1058,0
2489,1058,0
2490,1058,0
2491,1058,0
2492,1058,0
2493,1058,0
2494,1058,0
2495,1058,1.65148418097177
2496,1058,3.65350516627526
2497,1058,5.70138579645335
2498,1058,8.25206034878563
2499,1058,9.32815630229254
2500,1058,11.185213453484
2501,1058,12.7036412102987
2502,1058,14.11957860561
2503,1058,15.0748134316813
2504,1058,15.446957629255
2505,1058,14.6927192854148
2506,1058,15.0748134316813
2507,1058,15.7683543846528
2508,1058,15.828057366588
2509,1058,14.8937167960184
2510,1058,15.708653666053
2511,1058,15.546462620159
2512,1058,14.7235661441106
2513,1058,15.3255636111694
2514,1058,15.7484538923667
2515,1058,14.9643643366499
2516,1058,15.1355112236092
2517,1058,15.2857613483921
2518,1058,15.1753121878926
2519,1058,15.1733055067114
2520,1058,15.2658606046302
2521,1058,15.2559103300983
2522,1058,15.7673618592331
2523,1058,14.8539153087662
2524,1058,15.2459601206353
2525,1058,14.7026698255793
2526,1058,15.4370074820219
2527,1058,15.0947143066704
2528,1058,14.7932180407104
2529,1058,15.0549128194088
2530,1058,15.6181048786337
2531,1058,15.8181067135103
2895,1266,0
2896,1266,1.79902751507587
2897,1266,4.15030119388942
2898,1266,5.54733269238467
2899,1266,7.90955118827864
2900,1266,9.4767346697056
2901,1266,11.1155611644217
2902,1266,12.8936922562934
2903,1266,12.3106011226097
2904,1266,12.8439402054042
2905,1266,13.0449377154512
2906,1266,12.3812479177181
2907,1266,12.7434414504089
2908,1266,12.3314962595785
2909,1266,12.9643395512459
2910,1266,12.8936922562934
2911,1266,12.5523941939377
2912,1266,12.7533917057385
2913,1266,11.9693024023959
2914,1266,12.6641620330758
2915,1266,12.5026437204297
2916,1266,12.0996528875832
2917,1266,12.351396682157
2918,1266,13.0648383074572
2919,1266,12.0091048792156
2920,1266,12.1702999141352
2921,1266,11.8797516809065
2922,1266,13.0140923617439
2923,1266,12.9842404475579
2924,1266,12.6837415615425
2925,1266,13.043944955419
2926,1266,12.431995012869
2927,1266,12.5125936559932
2928,1266,12.4409525358792
2929,1266,12.3613470139787
2930,1266,12.8946888291265
2931,1266,12.0897022295837
2932,1266,12.2011474870194
2933,1266,12.4509035816683
2934,1266,12.6031424652743
2935,1266,9.71852869522954
2936,1266,5.86873069751885
2937,1266,2.48261958422953
2938,1266,3.77816092828244
2939,1266,4.66374313186308
2940,1266,7.09078274945721
2941,1266,7.86628883273428
2942,1266,7.40613934516493
2943,1266,7.67914708805607
2944,1266,9.69763373199875
2945,1266,11.5175561643953
2946,1266,12.4618457701899
2947,1266,11.9185569596323
2948,1266,13.1155861477861
2949,1266,12.9941910098321
2950,1266,12.3314962595786
2951,1266,12.4817466726416
2952,1266,12.1404489208596
2953,1266,13.1653370636684
2954,1266,12.2101023746732
2955,1266,12.5424439404767
2956,1266,12.6021466425368
2957,1266,12.7506078286488
2958,1266,12.8638407950348
2959,1266,11.9086061317016
2960,1266,12.6329925195893
2961,1266,12.2309975063361
2962,1266,12.2508979262746
2963,1266,12.0290066090264
2964,1266,12.7941900876921
2965,1266,12.1902009827566
2966,1266,12.9135936129336
2967,1266,12.2707986700133
2968,1266,13.0150873988614
2969,1266,13.004141647952
2970,1266,12.593192605531
2971,1266,12.2608482577675
2972,1266,12.4916972425688
2973,1266,12.3314962595785
2974,1266,12.2409476757317
2975,1266,11.938458862014
2976,1266,12.7732924494823
2977,1266,12.3623460556643
2978,1266,12.8528985057846
2979,1266,13.1553867293972
2980,1266,13.0150873988614
2981,1266,12.9543892175586
2982,1266,12.5822454275856
3016,1319,0
3017,1319,1.82887943834474
3018,1319,3.35626280258263
3019,1319,5.5980800280096
3020,1319,7.397107542817
3021,1319,8.94438930279757
3022,1319,10.5822209389145
3023,1319,10.5822209389144
3024,1319,10.9145636651219
3025,1319,10.5324688463817
3026,1319,10.6827196911648
3026,1323,0
3027,1319,10.5623198209484
3027,1323,2.12042448580468
3028,1319,10.6727690877298
3028,1323,4.39110464461962
3029,1319,10.6628185767179
3029,1323,6.29162141264077
3030,1319,11.6479053910993
3030,1323,8.54239427795276
3031,1319,11.5872084645095
3031,1323,10.3712728244898
3032,1319,10.7842153168415
3032,1323,11.7583544767115
3033,1319,11.4568582080778
3033,1323,12.9742899613042
3034,1319,11.557356964289
3034,1323,12.2011474870194
3035,1319,11.5265129158822
3035,1323,12.7633420388236
3036,1319,11.4071074335258
3036,1323,12.4409525358792
3037,1319,11.4469078794231
3037,1323,12.431995012869
3038,1319,12.1491069630652
3038,1323,13.1056361921121
3039,1319,10.9742653512661
3039,1323,13.1752874731446
3040,1319,11.5066111431647
3040,1323,12.8230456600606
3041,1319,10.9752630947964
3041,1323,12.4220449202215
3042,1319,10.9941666350843
3042,1323,12.8230456600606
3043,1319,10.5424190772327
3043,1323,12.2916963841449
3044,1319,11.3165586641876
3044,1323,12.9956184923996
3045,1319,11.2857122061481
3045,1323,12.8041399554988
3046,1319,10.9245137191547
3046,1323,12.6220481697702
3047,1319,11.7882059703756
3047,1323,13.1653370636684
3048,1319,11.547406635258
3048,1323,12.4220449202215
3049,1319,10.5424190772327
3049,1323,12.8140899013547
3050,1319,10.8031199197269
3050,1323,13.03399401565
3051,1319,11.3165586641876
3051,1323,13.0150873988614
3052,1319,11.7384539016005
3052,1323,12.1295053485293
3053,1319,10.9941666350843
3053,1323,12.1613486094265
3054,1319,10.6429178330005
3054,1323,12.2101023746732
3055,1319,11.2459103677737
3055,1323,12.2409476757316
3056,1319,10.7832184434889
3056,1323,11.9792528982404
3057,1319,11.0051124483124
3057,1323,12.180250407935
3058,1319,11.1752628604431
3058,1323,12.0001499990625
3059,1319,10.7633173324956
3059,1323,12.8130948642395
3060,1319,11.3961616345154
3060,1323,12.3921951243515
3061,1319,11.226009976835
3061,1323,13.1444436930591
3062,1319,9.16528777507831
3062,1323,12.593192605531
3063,1319,4.67369233048133
3063,1323,12.351396682157
3064,1319,0.944298681562143
3064,1323,12.5514023120925
3065,1319,0.222036033111744
3065,1323,12.8538904616462
3066,1319,0.0400000000000009
3066,1323,10.7533669145993
3067,1319,0.00999999999999979
3067,1323,6.26177291188366
3068,1319,0
3068,1323,1.74828487381205
3069,1319,0
3069,1323,0.663701740241805
3070,1319,0
3070,1323,0.0700000000000003
3071,1319,0
3071,1323,0
3072,1319,0
3072,1323,0
3073,1319,0
3073,1323,0
3074,1319,0
3074,1323,0
3075,1319,0
3075,1323,0
3076,1319,0
3076,1323,0
3077,1319,0
3077,1323,0
3078,1319,0
3078,1323,0
3079,1319,0
3079,1323,0
3080,1319,0
3080,1323,0
3081,1319,0
3081,1323,0
3082,1319,0
3082,1323,0
3083,1319,0
3083,1323,0
3084,1319,0
3084,1323,0
3085,1319,0
3085,1323,0
3086,1319,0
3086,1323,0
3087,1319,0
3087,1323,0
3088,1319,0
3088,1323,0
3089,1319,0
3089,1323,0
3090,1319,0
3090,1323,0
3091,1319,0
3091,1323,0
3092,1319,0
3092,1323,0
3093,1319,0
3093,1323,0
3094,1319,0
3094,1323,0
3095,1319,0
3095,1323,0
3096,1319,0
3096,1323,0
3097,1319,0
3097,1323,0
3098,1319,0
3098,1323,0
3099,1319,0
3099,1323,0
3100,1319,0
3100,1323,0
3101,1319,0
3101,1323,0
3102,1319,0
3102,1323,0
3103,1319,0
3103,1323,0
3104,1319,0
3104,1323,0
3105,1319,0
3105,1323,0
3106,1319,0
3106,1323,0
3107,1319,0
3107,1323,0
3108,1319,0
3108,1323,0
3109,1319,0
3109,1323,0
3110,1319,0
3110,1323,0
3111,1319,2.42033055593652
3111,1323,0
3112,1319,4.73207142803234
3112,1323,2.12042448580467
3113,1319,6.79888961522395
3113,1323,4.60304247210473
3114,1319,7.08136992396245
3114,1323,6.59006828492695
3115,1319,9.5374315200687
3115,1323,6.85206538205817
3116,1319,11.6479053910993
3116,1323,8.26308053936303
3117,1319,10.6429178330005
3117,1323,9.71753569584388
3118,1319,11.0349626188764
3118,1323,11.2966587980695
3119,1319,10.9643148440748
3119,1323,10.8837171958849
3120,1319,10.8638160882813
3120,1323,12.120548667449
3121,1319,10.6727690877298
3121,1323,11.1145670181074
3122,1319,10.8339651097832
3122,1323,11.2558606956554
3123,1319,11.7384539016005
3123,1323,10.7036162113559
3124,1319,10.6628185767179
3124,1323,11.8280091308724
3125,1319,11.7374613950377
3125,1323,10.5424190772327
3126,1319,10.5623198209484
3126,1323,11.718553665022
3127,1319,11.2260099768351
3127,1323,10.3215212057138
3128,1319,10.6727690877298
3128,1323,11.7076086371214
3129,1319,10.5125686680278
3129,1323,10.0498756211209
3130,1319,11.7583544767115
3130,1323,10.341421565723
3131,1319,11.346409123595
3131,1323,11.4270074822764
3132,1319,11.4568582080778
3132,1323,11.9792528982403
3133,1319,11.637955146846
3133,1323,11.3312664782009
3134,1319,10.8538656708106
3134,1323,12.3712974258968
3135,1319,10.7324740856897
3135,1323,12.8140899013547
3136,1319,10.5424190772327
3136,1323,12.6429426954329
3137,1319,10.8439153445608
3137,1323,12.6329925195893
3138,1319,10.7533669145993
3138,1323,12.4110998706803
3139,1319,11.2061099405637
3139,1323,12.0499004145262
3140,1319,11.1852134534841
3140,1323,13.0946897634118
3141,1319,10.8638160882813
3141,1323,12.8737912053909
3142,1319,11.6578557205002
3142,1323,12.0001499990625
3143,1319,11.7782553886389
3143,1323,13.1145911106675
3144,1319,10.894663831436
3144,1323,12.0807491489559
3145,1319,10.9842159483506
3145,1323,12.3106011226097
3146,1319,11.064813599876
3146,1323,12.5623445264011
3147,1319,10.6130674171043
3147,1323,12.3115961597187
3148,1319,10.9434226821411
3148,1323,13.2757862290713
3149,1319,11.7484041469469
3149,1323,11.9991541368548
3150,1319,11.6180549146576
3150,1323,13.0150873988614
3151,1319,10.903618665379
3151,1323,12.2200531913736
3152,1319,11.1663109396076
3152,1323,12.2508979262746
3153,1319,10.5314766296089
3153,1323,13.2359850407894
3154,1319,10.6429178330005
3154,1323,12.4717961817855
3155,1319,11.3364588827376
3155,1323,12.3613470139786
3156,1319,11.7683048906799
3156,1323,12.3106011226097
3157,1319,10.6827196911648
3157,1323,12.0707994764224
3158,1319,11.1238887085407
3347,1464,0
3348,1464,2.3313729860321
3349,1464,4.34134771701138
3350,1464,6.05977722362792
3351,1464,8.17124837463652
3352,1464,10.0797271788477
3353,1464,11.8190524154858
3354,1464,13.6877317331982
3355,1464,14.2001760552466
3356,1464,14.3414713331652
3357,1464,13.9593767769195
3358,1464,13.516586107446
3359,1464,13.9086304142428
3360,1464,13.9096261632008
3361,1464,14.3514215323779
3362,1464,13.8540752127307
3363,1464,14.4011735632899
3364,1464,13.7792779201234
3365,1464,13.6568883718071
3366,1464,14.0399750712029
3367,1464,13.8588780209655
3368,1464,14.1504240219154
3369,1464,13.6578805090688
3370,1464,14.1295293622965
3371,1464,14.1205736427385
3372,1464,14.1096279185526
3373,1464,13.3464339806557
3374,1464,14.1802750325937
3375,1464,13.7384788095335
3376,1464,13.4867342229318
3377,1464,13.5772824968769
3378,1464,14.2011724868054
3379,1464,14.0598755328772
3380,1464,13.3862354678229
3381,1464,13.2956872706904
3382,1464,13.969327113358
3383,1464,13.4170823952154
3384,1464,13.8787787647185
3385,1464,13.8280331211637
3386,1464,9.14820200913819
3387,1464,8.37446714722794
3388,1464,8.50276425640509
3389,1464,10.221022453747
3390,1464,12.722546914828
3391,1464,13.8787787647185
3392,1464,13.527531186436
3393,1464,13.3155886088449
3394,1464,13.3762849850024
3395,1464,14.0499252667052
3396,1464,13.4071324301657
3397,1464,13.5464386463749
3398,1464,13.4071324301657
3399,1464,13.8379839572099
3400,1464,13.6180798940233
3401,1464,14.3106254230903
3402,1464,13.4170823952155
3403,1464,13.1852379576555
3404,1464,13.8290274423041
3405,1464,14.3205761057298
3406,1464,13.8588780209655
3407,1464,13.2757862290713
3408,1464,13.6777812528202
3409,1464,14.1205736427384
3410,1464,13.445939907645
3411,1464,13.5175811445687
3412,1464,13.5772824968769
3413,1464,13.7882304883549
3414,1464,13.4767837409376
3415,1464,14.1305236987169
3416,1464,13.466833332302
3417,1464,13.3961860243877
3418,1464,13.4270324346074
3419,1464,13.9693271133581
3420,1464,14.4718208944141
3421,1464,14.3205761057298
3422,1464,13.5076311764869
3423,1464,13.5563896373629
